Symbol,Series,Date,PrevClose,OpenPrice,HighPrice,LowPrice,LastPrice,ClosePrice,AveragePrice,TotalTradedQuantity,Turnover,DeliverableQty,trade
IDEA,EQ,2-May-23,6.95,7,7,6.75,6.9,6.9,6.85,78645995,539041510.6,20804455,26.45
IDEA,EQ,3-May-23,6.9,6.9,7.15,6.85,6.95,6.9,7,82283911,576310408.1,17105625,20.79
IDEA,EQ,4-May-23,6.9,6.95,7.15,6.85,6.95,7,7.01,96883916,678914234.5,35872597,37.03
IDEA,EQ,5-May-23,7,6.95,7.1,6.85,6.95,6.9,6.95,59309955,411909960.6,16650168,28.07
IDEA,EQ,8-May-23,6.9,6.95,7,6.9,6.9,6.9,6.94,26422235,183470953.5,11776575,44.57
IDEA,EQ,9-May-23,6.9,6.95,7,6.8,6.85,6.8,6.89,31986884,220279912.4,14231354,44.49
IDEA,EQ,10-May-23,6.8,6.85,6.85,6.55,6.75,6.75,6.7,101392533,678955583.9,27796535,27.41
IDEA,EQ,11-May-23,6.75,6.8,7.3,6.75,7.1,7.15,7.11,202578532,1439833585,64277745,31.73
IDEA,EQ,12-May-23,7.15,7.1,7.1,6.95,7,7,7.04,74270136,522901276.9,29439011,39.64
IDEA,EQ,15-May-23,7,7,7.3,7,7.1,7.05,7.14,69507856,496178163.3,20328233,29.25
IDEA,EQ,16-May-23,7.05,7.1,7.45,7,7.35,7.35,7.24,182466634,1320457085,47828564,26.21
IDEA,EQ,17-May-23,7.35,7.25,7.25,7,7.05,7.05,7.11,112361973,798535554.5,32049128,28.52
IDEA,EQ,18-May-23,7.05,7.05,7.1,6.95,7.05,7,7.03,47696869,335332096.3,10983505,23.03
IDEA,EQ,19-May-23,7,7.1,7.1,6.9,7,7.05,6.99,49912293,349134048.7,11663566,23.37
IDEA,EQ,22-May-23,7.05,7.05,7.05,6.95,7.05,7,7.01,35838782,251092205.7,15538809,43.36
IDEA,EQ,23-May-23,7,7.05,7.05,6.95,6.95,6.95,6.99,33836036,236368507.9,12464634,36.84
IDEA,EQ,24-May-23,6.95,6.95,7.05,6.9,6.95,6.95,6.99,77537344,542346005.2,17105081,22.06
IDEA,EQ,25-May-23,6.95,6.95,7.25,6.85,7,7,7.08,149531180,1058320260,24195733,16.18
IDEA,EQ,26-May-23,7,7.15,7.2,7,7.05,7.05,7.08,78262217,554123846.7,26497608,33.86
IDEA,EQ,29-May-23,7.05,7.1,7.3,7.05,7.1,7.1,7.17,86663626,621138889.1,24159627,27.88
IDEA,EQ,30-May-23,7.1,7.15,7.2,7.05,7.1,7.1,7.12,45601346,324637888.9,15778593,34.6
IDEA,EQ,31-May-23,7.1,7.15,7.25,6.95,7.15,7.2,7.09,101093940,716499433.7,39278755,38.85
IDEA,EQ,1-Jun-23,7.2,7.2,7.25,7.15,7.15,7.15,7.2,39538257,284486430.5,17086737,43.22
IDEA,EQ,2-Jun-23,7.15,7.2,7.25,7.1,7.2,7.15,7.16,30962188,221831137.1,8998746,29.06
IDEA,EQ,5-Jun-23,7.15,7.2,7.25,7.05,7.1,7.15,7.14,34807393,248671257.8,12551354,36.06
IDEA,EQ,6-Jun-23,7.15,7.15,7.15,7,7.1,7.05,7.09,35549017,251911837.7,10121576,28.47
IDEA,EQ,7-Jun-23,7.05,7.05,7.75,7.05,7.65,7.65,7.49,218120279,1632988734,82878055,38
IDEA,EQ,8-Jun-23,7.65,7.8,7.8,7.35,7.35,7.35,7.53,135736706,1021940807,43673272,32.17
IDEA,EQ,9-Jun-23,7.35,7.4,7.5,7.2,7.35,7.3,7.36,99974916,735849132.7,24011114,24.02
IDEA,EQ,12-Jun-23,7.3,7.35,7.6,7.25,7.55,7.5,7.44,94726837,704503740.2,23226429,24.52
IDEA,EQ,13-Jun-23,7.5,7.55,7.9,7.5,7.7,7.7,7.69,168436075,1294567504,39749662,23.6
IDEA,EQ,14-Jun-23,7.7,8.15,8.25,7.85,7.85,7.9,8.07,344314076,2780053905,91789813,26.66
IDEA,EQ,15-Jun-23,7.9,7.9,8.05,7.75,7.85,7.8,7.89,110857729,874356763,29715589,26.81
IDEA,EQ,16-Jun-23,7.8,7.85,8,7.75,7.8,7.8,7.86,70611505,555280248.1,24878612,35.23
IDEA,EQ,19-Jun-23,7.8,7.8,7.85,7.6,7.6,7.6,7.69,60944546,468404941.5,23651852,38.81
IDEA,EQ,20-Jun-23,7.6,7.6,7.65,7.35,7.4,7.4,7.45,76398916,569433655.5,23911790,31.3
IDEA,EQ,21-Jun-23,7.4,7.4,7.9,7.3,7.7,7.75,7.62,204460640,1557993307,33557049,16.41
IDEA,EQ,22-Jun-23,7.75,7.7,7.85,7.4,7.45,7.45,7.57,178616430,1352188688,35322232,19.78
IDEA,EQ,23-Jun-23,7.45,7.5,7.6,7.3,7.45,7.45,7.47,121876136,910010796.7,15350120,12.59
IDEA,EQ,26-Jun-23,7.45,7.5,7.75,7.3,7.6,7.65,7.54,121102250,912644537.9,23651670,19.53
IDEA,EQ,27-Jun-23,7.65,7.6,7.8,7.4,7.6,7.5,7.6,146099646,1110510864,28505603,19.51
IDEA,EQ,28-Jun-23,7.5,7.55,7.7,7.4,7.45,7.45,7.54,162932638,1228010561,28088932,17.24
IDEA,EQ,30-Jun-23,7.45,7.45,7.55,7.35,7.45,7.45,7.43,67694572,502715613.5,24736047,36.54
IDEA,EQ,3-Jul-23,7.45,7.5,7.7,7.4,7.5,7.55,7.55,113730513,858454451.4,32167771,28.28
IDEA,EQ,4-Jul-23,7.55,7.6,7.65,7.4,7.45,7.45,7.49,114988757,861406651.7,34392254,29.91
IDEA,EQ,5-Jul-23,7.45,7.5,7.55,7.35,7.45,7.4,7.42,52251221,387652955.3,16679480,31.92
IDEA,EQ,6-Jul-23,7.4,7.45,7.55,7.4,7.5,7.5,7.48,59174436,442491090.5,21402727,36.17
IDEA,EQ,7-Jul-23,7.5,7.45,7.55,7.4,7.45,7.45,7.46,44264999,330271776.7,18257516,41.25
IDEA,EQ,10-Jul-23,7.45,7.5,7.5,7.3,7.4,7.4,7.37,57873891,426634719.4,16054673,27.74
IDEA,EQ,11-Jul-23,7.4,7.4,7.45,7.35,7.4,7.35,7.39,26691845,197318406,16417047,61.51
IDEA,EQ,12-Jul-23,7.35,7.4,7.45,7.3,7.4,7.35,7.36,36718376,270413032.5,11044578,30.08
IDEA,EQ,13-Jul-23,7.35,7.35,7.45,7.15,7.25,7.25,7.29,54894524,399981125,22261443,40.55
IDEA,EQ,14-Jul-23,7.25,7.25,7.4,7.2,7.35,7.35,7.29,25205602,183807199,12954320,51.39
IDEA,EQ,17-Jul-23,7.35,7.4,7.75,7.35,7.6,7.6,7.61,164308131,1250891163,62064358,37.77
IDEA,EQ,18-Jul-23,7.6,7.6,7.95,7.5,7.65,7.65,7.73,226580793,1751863229,53091364,23.43
IDEA,EQ,19-Jul-23,7.65,7.7,7.85,7.6,7.65,7.7,7.73,214414336,1658390219,38978073,18.18
IDEA,EQ,20-Jul-23,7.7,7.7,7.75,7.5,7.6,7.55,7.64,78672776,601207014.8,23446991,29.8
IDEA,EQ,21-Jul-23,7.55,7.6,7.95,7.55,7.85,7.85,7.78,182052309,1415900056,57150047,31.39
IDEA,EQ,24-Jul-23,7.85,7.95,8.2,7.85,7.9,7.9,8.03,201076327,1614651299,56532747,28.12
IDEA,EQ,25-Jul-23,7.9,7.95,8.1,7.8,8,7.9,7.94,83289856,661468731.8,25265590,30.33
IDEA,EQ,26-Jul-23,7.9,8.05,9.05,7.95,9.05,8.75,8.47,432809258,3666412876,180376882,41.68
IDEA,EQ,27-Jul-23,8.75,9.05,9.15,8.4,8.5,8.5,8.64,349303652,3017121547,93435527,26.75
IDEA,EQ,28-Jul-23,8.5,8.55,8.55,8.25,8.35,8.35,8.34,105874945,883036837.9,34847060,32.91
IDEA,EQ,31-Jul-23,8.35,8.35,8.6,8.25,8.3,8.3,8.41,167830357,1411474954,36836472,21.95
IDEA,EQ,1-Aug-23,8.3,8.35,8.45,8.25,8.3,8.25,8.32,53341718,443956023.9,23362447,43.8
IDEA,EQ,2-Aug-23,8.25,8.25,8.3,7.85,7.9,7.9,8.06,122998245,991202023.7,42707964,34.72
IDEA,EQ,3-Aug-23,7.9,7.9,8.05,7.8,7.85,7.85,7.9,78116800,617067953.7,20030592,25.64
IDEA,EQ,4-Aug-23,7.85,7.9,8.4,7.85,8.2,8.25,8.22,153831069,1264466988,38421573,24.98
IDEA,EQ,7-Aug-23,8.25,8.3,8.6,8.25,8.3,8.35,8.44,136867134,1155513287,36106986,26.38
IDEA,EQ,8-Aug-23,8.35,8.4,8.6,8.2,8.3,8.3,8.39,214190887,1797043461,36370268,16.98
IDEA,EQ,9-Aug-23,8.3,8.35,8.35,8.15,8.2,8.2,8.21,60774896,499046659,20859237,34.32
IDEA,EQ,10-Aug-23,8.2,8.2,8.35,8,8.05,8.05,8.18,115379984,944383182.2,25010477,21.68
IDEA,EQ,11-Aug-23,8.05,8.1,8.2,8.05,8.15,8.1,8.12,53205798,431826843.7,13435715,25.25
IDEA,EQ,14-Aug-23,8.1,8.1,8.15,7.8,8.05,8.05,7.96,84213332,670184806.2,20294406,24.1
IDEA,EQ,16-Aug-23,8.05,7.9,8.05,7.75,7.85,7.8,7.86,81663655,641715950.2,32754773,40.11
IDEA,EQ,17-Aug-23,7.8,7.75,8,7.7,7.75,7.75,7.83,139610388,1093703538,29271159,20.97
IDEA,EQ,18-Aug-23,7.75,7.75,7.75,7.55,7.65,7.6,7.62,59588288,454239410.4,24956509,41.88
IDEA,EQ,21-Aug-23,7.6,7.65,7.7,7.5,7.6,7.55,7.59,50792310,385433173.9,17140314,33.75
IDEA,EQ,22-Aug-23,7.55,7.55,7.95,7.5,7.75,7.7,7.74,211201955,1634124169,32740728,15.5
IDEA,EQ,23-Aug-23,7.7,7.8,7.95,7.75,7.85,7.8,7.83,63294971,495705016.9,20290984,32.06
IDEA,EQ,24-Aug-23,7.8,7.85,8.05,7.8,8,7.95,7.9,61522894,486148489.5,28351934,46.08
IDEA,EQ,25-Aug-23,7.95,8.05,8.85,8,8.65,8.7,8.41,441374591,3711421501,142213739,32.22
IDEA,EQ,28-Aug-23,8.7,8.9,9.3,8.5,9,9,8.92,476663058,4253065725,126934598,26.63
IDEA,EQ,29-Aug-23,9,9,9.4,8.85,8.9,8.9,9.11,359055328,3272674370,81877716,22.8
IDEA,EQ,30-Aug-23,8.9,8.9,9.25,8.9,9.05,9.05,9.12,190028023,1733068643,50556647,26.6
IDEA,EQ,31-Aug-23,9.05,9.15,9.35,9,9.1,9.05,9.11,160750655,1464896373,42697478,26.56
IDEA,EQ,1-Sep-23,9.05,9.15,10.4,9.1,10.05,10,9.88,723352196,7144599456,284747062,39.36
IDEA,EQ,4-Sep-23,10,10.1,10.3,9.75,10,10,10.02,286251897,2869314618,80807043,28.23
IDEA,EQ,5-Sep-23,10,10.05,10.2,9.7,9.95,9.9,9.94,135212639,1344048862,47041619,34.79
IDEA,EQ,6-Sep-23,9.9,10,10.85,9.55,10.6,10.65,10.23,365620360,3741973168,107072476,29.29
IDEA,EQ,7-Sep-23,10.65,10.65,10.85,10.4,10.5,10.5,10.6,277644136,2942927913,78665552,28.33
IDEA,EQ,8-Sep-23,10.5,10.55,11,10.45,10.5,10.5,10.74,338142088,3631570723,89668992,26.52
IDEA,EQ,11-Sep-23,10.5,10.65,11.55,10.45,11.2,11.3,11.16,630535186,7038674267,149294807,23.68
IDEA,EQ,12-Sep-23,11.3,11.4,11.5,10.3,10.5,10.5,10.71,475634589,5093198215,135503069,28.49
IDEA,EQ,13-Sep-23,10.5,10.5,11.2,10.3,11,11,10.74,262788174,2821411952,63023140,23.98
IDEA,EQ,14-Sep-23,11,11.1,11.2,10.7,10.85,10.9,10.93,111299731,1216256215,33258771,29.88
IDEA,EQ,15-Sep-23,10.9,11,11.95,10.9,11.7,11.7,11.58,525814217,6089393331,167586876,31.87
IDEA,EQ,18-Sep-23,11.7,12.5,12.5,10.8,10.95,10.9,11.41,449336113,5129006906,193874612,43.15
IDEA,EQ,20-Sep-23,10.9,10.95,11.4,10.85,11,11,11.13,164487454,1829928059,51879494,31.54
IDEA,EQ,21-Sep-23,11,10.95,11.2,10.6,10.9,10.85,10.88,177823721,1934790542,48709486,27.39
IDEA,EQ,22-Sep-23,10.85,10.9,11.65,10.65,11.3,11.3,11.23,298308392,3350721045,83965478,28.15
IDEA,EQ,25-Sep-23,11.3,11.35,11.5,11.05,11.35,11.3,11.28,162564918,1833125837,37696045,23.19
IDEA,EQ,26-Sep-23,11.3,11.4,12.2,11.3,12.15,12.1,11.81,507001428,5986597176,145202570,28.64
IDEA,EQ,27-Sep-23,12.1,12.15,12.45,11.85,11.95,12,12.12,354689878,4298332272,83033158,23.41
IDEA,EQ,28-Sep-23,12,11.95,12.1,11.5,11.7,11.65,11.69,287054708,3356765262,66859963,23.29
IDEA,EQ,29-Sep-23,11.65,11.75,12.1,11.6,11.75,11.65,11.84,184144576,2180075140,50391537,27.37
IDEA,EQ,3-Oct-23,11.65,11.75,12.05,11.4,11.9,12,11.79,271979331,3205839719,51762448,19.03
IDEA,EQ,4-Oct-23,12,11.95,11.95,11.3,11.5,11.45,11.59,197695801,2291748953,61177966,30.95
IDEA,EQ,5-Oct-23,11.45,11.55,11.6,11.05,11.35,11.2,11.27,164929055,1859193293,47584570,28.85
IDEA,EQ,6-Oct-23,11.2,11.2,11.3,10.85,10.95,10.95,10.96,122177842,1339299704,55119353,45.11
IDEA,EQ,9-Oct-23,10.95,10.7,11.4,10.55,10.9,10.9,10.96,388193444,4253299455,74040765,19.07
IDEA,EQ,10-Oct-23,10.9,11,11.2,10.9,11.1,11.05,11.08,92969641,1030415727,21547163,23.18
IDEA,EQ,11-Oct-23,11.05,11.2,12,11.15,11.85,11.85,11.69,379122405,4432801031,90469176,23.86
IDEA,EQ,12-Oct-23,11.85,11.9,12.15,11.55,11.9,11.9,11.87,235677761,2796381109,56743297,24.08
IDEA,EQ,13-Oct-23,11.9,11.8,12.35,11.75,12.05,12,12.12,364679969,4419752520,87292710,23.94
IDEA,EQ,16-Oct-23,12,12.1,12.1,11.7,11.8,11.8,11.96,196345841,2349152701,45878810,23.37
IDEA,EQ,17-Oct-23,11.8,11.85,12.2,11.8,11.9,11.9,12.01,241635361,2902277272,49998347,20.69
IDEA,EQ,18-Oct-23,11.9,11.95,12.05,11.55,11.7,11.7,11.74,149897595,1760003536,39384501,26.27
IDEA,EQ,19-Oct-23,11.7,11.6,12.1,11.55,12.05,12,11.9,241997615,2880500629,74562235,30.81
IDEA,EQ,20-Oct-23,12,12,12.1,11.65,11.85,11.75,11.85,150616671,1785253123,28965103,19.23
IDEA,EQ,23-Oct-23,11.75,11.8,11.9,10.85,10.9,10.95,11.31,229385426,2595356978,57246887,24.96
IDEA,EQ,25-Oct-23,10.95,11,11.2,10.6,10.85,10.85,10.96,259001685,2837670619,39436316,15.23
IDEA,EQ,26-Oct-23,10.85,10.85,10.95,10.5,10.7,10.75,10.7,163742432,1751718817,33443385,20.42
IDEA,EQ,27-Oct-23,10.75,10.65,11.05,10.65,10.85,10.9,10.86,207190392,2251046777,34940771,16.86
IDEA,EQ,30-Oct-23,10.9,11,11.95,10.7,11.6,11.65,11.53,361623422,4167802843,77378293,21.4
IDEA,EQ,31-Oct-23,11.65,11.75,12.2,11.65,11.85,11.85,11.97,321029390,3843156670,85389266,26.6
IDEA,EQ,1-Nov-23,11.85,11.9,13.55,11.8,12.85,12.8,12.89,972052999,12531677693,221996634,22.84
IDEA,EQ,2-Nov-23,12.8,13.15,13.85,12.8,13.85,13.75,13.36,643741830,8597690828,141730288,22.02
IDEA,EQ,3-Nov-23,13.75,14,14.35,13.55,13.7,13.75,13.9,619244987,8604906107,146241821,23.62
IDEA,EQ,6-Nov-23,13.75,13.9,14.05,13.5,13.6,13.55,13.67,170833667,2334887627,60667886,35.51
IDEA,EQ,7-Nov-23,13.55,13.6,14,13.35,13.85,13.85,13.76,254228187,3498153308,84755215,33.34
IDEA,EQ,8-Nov-23,13.85,14,14.1,13.55,13.6,13.65,13.79,148084393,2042362234,46847126,31.64
IDEA,EQ,9-Nov-23,13.65,13.8,14.1,13.7,13.95,13.9,13.93,212163600,2954658898,73094956,34.45
IDEA,EQ,10-Nov-23,13.9,14.15,14.45,13.65,13.75,13.7,14.02,249891022,3503741692,67984626,27.21
IDEA,EQ,12-Nov-23,13.7,13.8,13.95,13.8,13.9,13.85,13.87,40670160,564170257.7,17568627,43.2
IDEA,EQ,13-Nov-23,13.85,14,14.05,13.7,13.95,13.95,13.9,104362588,1451058104,38040637,36.45
IDEA,EQ,15-Nov-23,13.95,14.05,14.2,13.8,14.05,14.05,14.03,163370284,2292338119,44196490,27.05
IDEA,EQ,16-Nov-23,14.05,14.1,14.8,14.05,14.4,14.4,14.46,312952258,4526158478,72406483,23.14
IDEA,EQ,17-Nov-23,14.4,14.45,14.8,14.25,14.6,14.55,14.57,255833442,3726263890,61189436,23.92
IDEA,EQ,20-Nov-23,14.55,14.65,15.05,14,14.2,14.15,14.47,359762952,5207328002,97662119,27.15
IDEA,EQ,21-Nov-23,14.15,14.3,14.35,13.7,13.8,13.85,13.96,210863398,2942654311,53435124,25.34
IDEA,EQ,22-Nov-23,13.85,13.8,13.85,13.3,13.55,13.5,13.52,207998055,2812448712,56431787,27.13
IDEA,EQ,23-Nov-23,13.5,13.55,13.8,13.4,13.6,13.6,13.63,168569500,2297350804,35840706,21.26
IDEA,EQ,24-Nov-23,13.6,13.65,13.75,13.3,13.3,13.35,13.49,128887582,1739001590,30436722,23.61
IDEA,EQ,28-Nov-23,13.35,13.4,13.6,13.1,13.3,13.25,13.35,138360228,1846604307,39554329,28.59
IDEA,EQ,29-Nov-23,13.25,13.3,13.45,13.15,13.2,13.2,13.28,127233494,1690166395,28250414,22.2
IDEA,EQ,30-Nov-23,13.2,13.2,13.4,12.95,13.25,13.05,13.08,617533424,8074307675,323727026,52.42
IDEA,EQ,1-Dec-23,13.05,13.3,13.55,13.2,13.25,13.25,13.39,181542248,2430181988,54170535,29.84
IDEA,EQ,4-Dec-23,13.25,13.45,13.5,13.1,13.2,13.15,13.26,219950343,2917637254,76657135,34.85
IDEA,EQ,5-Dec-23,13.15,13.2,13.4,12.8,13.1,13.05,13.07,258146151,3374499955,57479520,22.27
IDEA,EQ,6-Dec-23,13.05,13.15,13.15,12.8,12.85,12.85,12.93,143223567,1852510443,45905136,32.05
IDEA,EQ,7-Dec-23,12.85,12.85,13.55,12.7,13.25,13.2,13.21,239610072,3165905802,63186657,26.37
IDEA,EQ,8-Dec-23,13.2,13.3,13.35,12.65,12.85,12.9,12.96,237806590,3082242715,66780335,28.08
IDEA,EQ,11-Dec-23,12.9,12.9,13.4,12.9,13.2,13.15,13.13,298883455,3923122901,78126110,26.14
IDEA,EQ,12-Dec-23,13.15,13.25,13.3,12.95,13.1,13.15,13.14,208970536,2745723323,38881080,18.61
IDEA,EQ,13-Dec-23,13.15,13.2,13.6,13.1,13.2,13.2,13.35,369309542,4931031846,54504759,14.76
IDEA,EQ,14-Dec-23,13.2,13.3,14.2,13.2,13.9,13.95,13.79,414076096,5711412439,131997799,31.88
IDEA,EQ,15-Dec-23,13.95,14,14.25,13.55,14,14.05,13.95,354922019,4950870915,69505163,19.58
IDEA,EQ,18-Dec-23,14.05,14.4,14.5,13.9,14.05,14.1,14.18,370995029,5260653633,90983313,24.52
IDEA,EQ,19-Dec-23,14.1,14.15,14.45,13.95,14,14,14.2,278863922,3960176613,92202606,33.06
IDEA,EQ,20-Dec-23,14,14.1,14.4,13,13.1,13.1,13.77,491683002,6771182221,102940425,20.94
IDEA,EQ,21-Dec-23,13.1,13.25,13.75,12.9,13.7,13.65,13.39,292707751,3919826412,41658274,14.23
IDEA,EQ,22-Dec-23,13.65,13.75,14,13.45,13.65,13.6,13.73,223855223,3072775329,41598601,18.58
IDEA,EQ,26-Dec-23,13.6,13.65,13.75,13.3,13.4,13.35,13.44,328954630,4420835753,45927654,13.96
IDEA,EQ,27-Dec-23,13.35,13.4,13.5,13.2,13.45,13.45,13.37,139443887,1864828272,21875849,15.69
IDEA,EQ,28-Dec-23,13.45,13.5,13.6,13.1,13.4,13.25,13.33,169009935,2253004161,35693171,21.12
IDEA,EQ,29-Dec-23,13.25,13.45,16.25,13.3,16,16,15.15,1688819452,25582287434,406799380,24.09
IDEA,EQ,1-Jan-24,16,16.2,18.4,15.55,16.95,17,17.35,1784392277,30950645714,263969859,14.79
IDEA,EQ,2-Jan-24,17,17.1,17.8,15.95,16.05,16.05,16.68,1095516024,18274584767,202600654,18.49
IDEA,EQ,3-Jan-24,16.05,15.9,16.45,15.6,15.85,15.85,16,598726485,9581225978,110528824,18.46
IDEA,EQ,4-Jan-24,15.85,15.9,17.2,15.7,17.05,16.8,16.37,535038360,8756253075,114394393,21.38
IDEA,EQ,5-Jan-24,16.8,17.1,17.65,16.75,17.15,17.1,17.19,686777577,11803739234,118538113,17.26
IDEA,EQ,8-Jan-24,17.1,17.2,17.65,17.05,17.1,17.15,17.33,289503212,5016015375,76408962,26.39
IDEA,EQ,9-Jan-24,17.15,17.2,17.5,15.95,16.15,16.2,16.48,387150359,6381536797,140072324,36.18
IDEA,EQ,10-Jan-24,16.2,16.3,16.45,15.85,16.15,16.15,16.15,202636184,3272126444,52541258,25.93
IDEA,EQ,11-Jan-24,16.15,16.2,16.35,15.9,16,16.05,16.11,121469596,1956294016,41146646,33.87
IDEA,EQ,12-Jan-24,16.05,16.15,16.2,15.8,15.85,15.85,15.96,122397017,1953289486,38918463,31.8
IDEA,EQ,15-Jan-24,15.85,15.9,16.7,15.8,16.45,16.5,16.18,213367109,3451632004,63150577,29.6
IDEA,EQ,16-Jan-24,16.5,16.5,16.55,15.5,15.7,15.75,15.9,392898345,6248826717,106430279,27.09
IDEA,EQ,17-Jan-24,15.75,15.5,15.75,15,15.1,15.1,15.33,383695346,5882017952,87237107,22.74
IDEA,EQ,18-Jan-24,15.1,15.15,15.4,14.6,15.1,15.1,15.02,282295356,4240122472,47073928,16.68
IDEA,EQ,19-Jan-24,15.1,15.2,15.45,15,15,15.1,15.18,230080440,3493245486,53378909,23.2
IDEA,EQ,20-Jan-24,15.1,15.1,15.25,14.85,15.05,15,15.05,166855611,2510903296,43879804,26.3
IDEA,EQ,23-Jan-24,15,15.1,15.25,14.3,14.35,14.4,14.72,289983221,4269151813,46727054,16.11
IDEA,EQ,24-Jan-24,14.4,14.4,15,14.25,14.9,14.9,14.71,432651784,6362330503,52313693,12.09
IDEA,EQ,25-Jan-24,14.9,14.9,15.1,14.35,14.8,14.6,14.63,382501739,5597694788,69726504,18.23
IDEA,EQ,29-Jan-24,14.6,14.7,15.2,14.6,14.65,14.7,14.85,245974552,3653191852,59915438,24.36
IDEA,EQ,30-Jan-24,14.7,14.75,14.9,14.3,14.5,14.5,14.58,233265787,3400832673,51973924,22.28
IDEA,EQ,31-Jan-24,14.5,14.5,14.55,14.2,14.3,14.35,14.36,176208047,2530040863,45130393,25.61
IDEA,EQ,1-Feb-24,14.35,14.4,14.5,13.95,14.2,14.15,14.21,206826304,2938375576,44502858,21.52
IDEA,EQ,2-Feb-24,14.15,14.3,14.7,14,14.1,14.05,14.33,244512271,3503289108,57262389,23.42
IDEA,EQ,5-Feb-24,14.05,14.1,14.2,13.65,13.7,13.75,13.91,189236646,2632566100,59892583,31.65
IDEA,EQ,6-Feb-24,13.75,13.75,14.45,13.6,14.35,14.25,14.13,317594254,4488955177,66893823,21.06
IDEA,EQ,7-Feb-24,14.25,14.5,15.45,14.25,14.9,15,14.81,541841723,8022823284,125768290,23.21
IDEA,EQ,8-Feb-24,15,15.15,15.15,14.65,14.85,14.8,14.88,305462395,4546454602,73455458,24.05
IDEA,EQ,9-Feb-24,14.8,14.9,15.65,14.4,15.6,15.5,15.12,547988511,8284844028,113463451,20.71
IDEA,EQ,12-Feb-24,15.5,15.65,15.7,14.3,14.45,14.45,14.97,407165198,6094225718,82618369,20.29
IDEA,EQ,13-Feb-24,14.45,14.55,14.9,14.1,14.7,14.7,14.52,334247397,4851656992,34681611,10.38
IDEA,EQ,14-Feb-24,14.7,14.5,15.75,14.4,15.5,15.55,15.38,511365442,7862280152,101651641,19.88
IDEA,EQ,15-Feb-24,15.55,15.65,16.3,15.55,15.95,15.95,15.96,392901140,6269865102,98906183,25.17
IDEA,EQ,16-Feb-24,15.95,16,16.6,15.8,15.85,15.9,16.17,357636454,5782644936,67062013,18.75
IDEA,EQ,19-Feb-24,15.9,15.95,16.35,15.85,16.05,16,16.08,228340831,3670973830,46575500,20.4
IDEA,EQ,20-Feb-24,16,16.05,16.45,15.85,15.95,15.95,16.15,276625199,4467495520,56652750,20.48
IDEA,EQ,21-Feb-24,15.95,16.15,16.3,15.2,15.35,15.35,15.72,345491167,5430387359,72428733,20.96
IDEA,EQ,22-Feb-24,15.35,15.5,16.4,15.05,16.35,16.3,15.83,439602456,6960883863,92244601,20.98
IDEA,EQ,23-Feb-24,16.3,16.7,18.4,16.7,17.55,17.55,17.69,1783686268,31557929380,348438422,19.53
IDEA,EQ,26-Feb-24,17.55,17.75,18.1,16.75,16.85,16.85,17.34,643618097,11160101455,149801483,23.27
IDEA,EQ,27-Feb-24,16.85,17.05,17.15,15.65,16.1,15.85,16.41,737336815,12099076679,153143833,20.77
IDEA,EQ,28-Feb-24,15.85,15.5,16.05,13.5,13.65,13.65,14.46,1588323107,22959660280,337677127,21.26
IDEA,EQ,29-Feb-24,13.65,13.65,14.05,13.4,13.7,13.65,13.71,794570550,10896174839,123444297,15.54
IDEA,EQ,1-Mar-24,13.65,13.9,14.65,13.6,14.25,14.2,14.14,696930662,9851715545,94020758,13.49
IDEA,EQ,2-Mar-24,14.2,14.4,14.65,14.3,14.6,14.55,14.51,50170391,728167870.5,21389026,42.63
IDEA,EQ,4-Mar-24,14.55,14.6,14.7,14.1,14.25,14.2,14.26,276443611,3941507800,62140783,22.48
IDEA,EQ,5-Mar-24,14.2,14.25,14.75,14.2,14.35,14.35,14.4,342317617,4930552340,71404168,20.86
IDEA,EQ,6-Mar-24,14.35,14.35,14.4,13.8,14.15,14.1,14.07,380743524,5356854335,65329440,17.16
IDEA,EQ,7-Mar-24,14.1,14.15,14.45,14.1,14.25,14.25,14.26,179243860,2555775192,33455852,18.66
IDEA,EQ,11-Mar-24,14.25,14.3,14.35,13.65,13.75,13.75,13.97,198993553,2779578177,49705199,24.98
IDEA,EQ,12-Mar-24,13.75,13.8,13.9,13.45,13.65,13.7,13.68,308460037,4218487768,42525936,13.79
IDEA,EQ,13-Mar-24,13.7,13.7,13.85,11.75,12.4,12.4,12.82,641919311,8229862493,110550098,17.22
IDEA,EQ,14-Mar-24,12.4,12.4,13.25,12.25,13.2,13.1,12.89,424512161,5471324211,75510793,17.79
IDEA,EQ,15-Mar-24,13.1,13.15,13.3,12.75,13.15,13.15,13.01,315084932,4099881312,42841550,13.6
IDEA,EQ,18-Mar-24,13.15,13.25,13.35,13,13.15,13.15,13.17,186892003,2462217638,26376635,14.11
IDEA,EQ,19-Mar-24,13.15,13.1,13.35,12.75,12.75,12.85,13.02,241083537,3138517539,35080585,14.55
IDEA,EQ,20-Mar-24,12.85,12.8,12.9,12.4,12.7,12.75,12.66,273287247,3459796957,33597261,12.29
IDEA,EQ,21-Mar-24,12.75,12.85,13.05,12.75,12.8,12.8,12.88,156394003,2014629861,41231265,26.36
IDEA,EQ,22-Mar-24,12.8,12.8,13.6,12.75,13.45,13.3,13.28,468500920,6222201905,86607033,18.49
IDEA,EQ,26-Mar-24,13.3,13.4,13.5,13.15,13.3,13.3,13.31,277730489,3697854768,50414292,18.15
IDEA,EQ,27-Mar-24,13.3,13.3,13.6,13.25,13.3,13.3,13.45,244147174,3282922473,67688852,27.72
IDEA,EQ,28-Mar-24,13.3,13.3,13.55,13.15,13.3,13.25,13.38,261797107,3502731068,47243785,18.05
IDEA,EQ,1-Apr-24,13.25,13.35,14.25,13.15,13.9,14,13.81,469724659,6488953742,114448346,24.36
IDEA,EQ,2-Apr-24,14,13.95,14.15,13.35,13.45,13.45,13.67,372670017,5094571985,111291943,29.86
IDEA,EQ,3-Apr-24,13.45,13.2,14,13.15,13.6,13.55,13.6,496512224,6751476285,94304734,18.99
IDEA,EQ,4-Apr-24,13.55,14,14.1,13.05,13.35,13.35,13.49,921811399,12432167803,329635164,35.76
IDEA,EQ,5-Apr-24,13.35,13.35,13.55,12.95,13.35,13.3,13.22,690376450,9124377885,195099516,28.26
IDEA,EQ,8-Apr-24,13.3,13.9,13.9,12.9,13.15,13.15,13.16,770438882,10142466521,227665014,29.55
IDEA,EQ,9-Apr-24,13.15,13.2,13.35,12.85,12.9,12.9,13.06,364108806,4754114666,101362747,27.84
IDEA,EQ,10-Apr-24,12.9,12.8,13.2,12.65,12.9,12.95,12.86,512312743,6590148206,131854173,25.74
IDEA,EQ,12-Apr-24,12.95,12.65,13.25,12.2,13.15,12.95,12.65,1133932113,14347755761,338617189,29.86
IDEA,EQ,15-Apr-24,12.95,13,13.4,12.75,13.1,13.15,13.14,776597931,10207691819,205828878,26.5
IDEA,EQ,16-Apr-24,13.15,12.85,13.2,12.55,12.9,12.95,12.86,1218535579,15673974922,323646067,26.56
IDEA,EQ,18-Apr-24,12.95,13.1,13.55,13.1,13.2,13.2,13.32,791868513,10549811864,257862704,32.56
IDEA,EQ,19-Apr-24,13.2,12.9,13.3,12.85,12.85,12.9,13.08,721586766,9438992595,206288329,28.59
