close,exchange,high,instrumentidentifier,tradedqty,lasttradetime,low,open,openinterest
176.4,NFO,199.0,NIFTY18JAN2421650CE,598700,2024-01-12 09:15:00+00,162.9,180.0,1482250
181.7,NFO,184.7,NIFTY18JAN2421650CE,411150,2024-01-12 09:16:00+00,177.0,177.0,1482250
183.45,NFO,184.5,NIFTY18JAN2421650CE,207850,2024-01-12 09:17:00+00,179.8,181.05,1338950
181.0,NFO,183.85,NIFTY18JAN2421650CE,123900,2024-01-12 09:18:00+00,180.05,183.5,1338950
178.5,NFO,182.1,NIFTY18JAN2421650CE,112050,2024-01-12 09:19:00+00,177.5,181.25,1338950
185.55,NFO,187.5,NIFTY18JAN2421650CE,268850,2024-01-12 09:20:00+00,179.2,179.2,1300150
183.5,NFO,188.6,NIFTY18JAN2421650CE,124400,2024-01-12 09:21:00+00,183.5,186.55,1300150
182.85,NFO,184.95,NIFTY18JAN2421650CE,84500,2024-01-12 09:22:00+00,180.9,183.35,1300150
189.05,NFO,189.7,NIFTY18JAN2421650CE,121450,2024-01-12 09:23:00+00,180.75,183.55,1274800
183.9,NFO,191.1,NIFTY18JAN2421650CE,94050,2024-01-12 09:24:00+00,181.6,189.25,1274800
185.35,NFO,187.5,NIFTY18JAN2421650CE,81450,2024-01-12 09:25:00+00,182.2,183.4,1274800
188.9,NFO,189.7,NIFTY18JAN2421650CE,71350,2024-01-12 09:26:00+00,185.8,186.0,1307050
186.15,NFO,192.3,NIFTY18JAN2421650CE,96600,2024-01-12 09:27:00+00,186.15,189.25,1307050
190.85,NFO,192.0,NIFTY18JAN2421650CE,46050,2024-01-12 09:28:00+00,186.45,186.45,1307050
193.85,NFO,195.1,NIFTY18JAN2421650CE,140100,2024-01-12 09:29:00+00,191.0,191.0,1333950
196.55,NFO,197.2,NIFTY18JAN2421650CE,156450,2024-01-12 09:30:00+00,193.55,193.55,1333950
190.8,NFO,197.45,NIFTY18JAN2421650CE,156300,2024-01-12 09:31:00+00,190.8,196.3,1333950
190.7,NFO,194.0,NIFTY18JAN2421650CE,54350,2024-01-12 09:32:00+00,190.15,190.7,1304200
184.2,NFO,190.0,NIFTY18JAN2421650CE,81100,2024-01-12 09:33:00+00,184.2,189.9,1304200
186.7,NFO,188.25,NIFTY18JAN2421650CE,41100,2024-01-12 09:34:00+00,184.3,184.3,1304200
186.85,NFO,190.0,NIFTY18JAN2421650CE,58150,2024-01-12 09:35:00+00,186.5,186.55,1295250
183.7,NFO,187.05,NIFTY18JAN2421650CE,40300,2024-01-12 09:36:00+00,182.4,186.9,1295250
179.6,NFO,185.2,NIFTY18JAN2421650CE,52300,2024-01-12 09:37:00+00,179.55,185.0,1295250
184.65,NFO,185.35,NIFTY18JAN2421650CE,51150,2024-01-12 09:38:00+00,179.35,179.85,1283150
183.5,NFO,185.4,NIFTY18JAN2421650CE,40050,2024-01-12 09:39:00+00,182.6,184.75,1283150
187.1,NFO,187.25,NIFTY18JAN2421650CE,56250,2024-01-12 09:40:00+00,182.3,183.8,1283150
189.85,NFO,190.0,NIFTY18JAN2421650CE,57700,2024-01-12 09:41:00+00,186.5,187.4,1279750
189.65,NFO,192.4,NIFTY18JAN2421650CE,102100,2024-01-12 09:42:00+00,187.2,189.65,1279750
195.35,NFO,195.35,NIFTY18JAN2421650CE,107200,2024-01-12 09:43:00+00,188.0,190.35,1279750
193.15,NFO,197.6,NIFTY18JAN2421650CE,135200,2024-01-12 09:44:00+00,193.15,195.0,1312800
197.4,NFO,198.45,NIFTY18JAN2421650CE,70750,2024-01-12 09:45:00+00,193.55,193.55,1312800
192.85,NFO,200.0,NIFTY18JAN2421650CE,139600,2024-01-12 09:46:00+00,192.5,197.05,1312800
194.85,NFO,196.25,NIFTY18JAN2421650CE,68650,2024-01-12 09:47:00+00,190.55,193.35,1298450
191.95,NFO,195.5,NIFTY18JAN2421650CE,83050,2024-01-12 09:48:00+00,191.05,194.85,1298450
196.15,NFO,196.15,NIFTY18JAN2421650CE,31450,2024-01-12 09:49:00+00,191.15,192.3,1298450
196.5,NFO,197.6,NIFTY18JAN2421650CE,43750,2024-01-12 09:50:00+00,195.75,195.8,1285300
192.4,NFO,197.5,NIFTY18JAN2421650CE,35400,2024-01-12 09:51:00+00,191.95,196.5,1285300
195.4,NFO,198.45,NIFTY18JAN2421650CE,118050,2024-01-12 09:52:00+00,190.95,192.4,1285300
193.75,NFO,197.85,NIFTY18JAN2421650CE,55850,2024-01-12 09:53:00+00,193.0,195.55,1313650
202.25,NFO,204.35,NIFTY18JAN2421650CE,170050,2024-01-12 09:54:00+00,193.5,193.55,1313650
198.0,NFO,204.3,NIFTY18JAN2421650CE,106800,2024-01-12 09:55:00+00,197.3,200.6,1313650
199.0,NFO,201.4,NIFTY18JAN2421650CE,40050,2024-01-12 09:56:00+00,198.3,198.3,1326000
203.15,NFO,206.65,NIFTY18JAN2421650CE,106150,2024-01-12 09:57:00+00,198.8,198.95,1326000
203.5,NFO,204.0,NIFTY18JAN2421650CE,64200,2024-01-12 09:58:00+00,200.95,202.0,1326000
204.15,NFO,205.05,NIFTY18JAN2421650CE,80200,2024-01-12 09:59:00+00,202.35,203.55,1287550
203.75,NFO,205.95,NIFTY18JAN2421650CE,63500,2024-01-12 10:00:00+00,203.15,203.85,1287550
206.7,NFO,206.7,NIFTY18JAN2421650CE,48650,2024-01-12 10:01:00+00,202.25,203.3,1287550
206.3,NFO,208.25,NIFTY18JAN2421650CE,63350,2024-01-12 10:02:00+00,205.8,208.25,1275200
214.95,NFO,214.95,NIFTY18JAN2421650CE,120200,2024-01-12 10:03:00+00,206.1,206.35,1275200
224.95,NFO,224.95,NIFTY18JAN2421650CE,152800,2024-01-12 10:04:00+00,214.4,215.3,1275200
228.45,NFO,229.9,NIFTY18JAN2421650CE,241750,2024-01-12 10:05:00+00,219.0,225.1,1221550
235.85,NFO,240.0,NIFTY18JAN2421650CE,194100,2024-01-12 10:06:00+00,228.45,228.45,1221550
239.85,NFO,242.0,NIFTY18JAN2421650CE,95550,2024-01-12 10:07:00+00,233.7,234.55,1221550
240.65,NFO,244.15,NIFTY18JAN2421650CE,95550,2024-01-12 10:08:00+00,238.75,240.5,1178600
251.75,NFO,256.1,NIFTY18JAN2421650CE,169950,2024-01-12 10:09:00+00,241.2,241.2,1178600
245.9,NFO,256.55,NIFTY18JAN2421650CE,140550,2024-01-12 10:10:00+00,243.95,252.85,1178600
248.45,NFO,249.2,NIFTY18JAN2421650CE,68000,2024-01-12 10:11:00+00,244.45,246.15,1107150
238.8,NFO,251.4,NIFTY18JAN2421650CE,63350,2024-01-12 10:12:00+00,238.8,248.35,1107150
247.65,NFO,250.2,NIFTY18JAN2421650CE,41200,2024-01-12 10:13:00+00,239.55,239.55,1107150
245.4,NFO,247.1,NIFTY18JAN2421650CE,21800,2024-01-12 10:14:00+00,240.5,247.05,1100950
247.1,NFO,248.4,NIFTY18JAN2421650CE,24800,2024-01-12 10:15:00+00,242.05,245.55,1100950
243.5,NFO,249.9,NIFTY18JAN2421650CE,31600,2024-01-12 10:16:00+00,242.9,248.3,1100950
244.95,NFO,247.1,NIFTY18JAN2421650CE,18200,2024-01-12 10:17:00+00,241.95,242.1,1090850
241.4,NFO,246.3,NIFTY18JAN2421650CE,15000,2024-01-12 10:18:00+00,240.95,244.05,1090850
241.15,NFO,244.55,NIFTY18JAN2421650CE,13650,2024-01-12 10:19:00+00,240.35,240.7,1090850
248.65,NFO,249.85,NIFTY18JAN2421650CE,38550,2024-01-12 10:20:00+00,237.5,241.15,1082050
244.45,NFO,252.8,NIFTY18JAN2421650CE,48500,2024-01-12 10:21:00+00,243.65,248.0,1082050
243.45,NFO,245.3,NIFTY18JAN2421650CE,13850,2024-01-12 10:22:00+00,240.55,243.7,1082050
246.7,NFO,246.7,NIFTY18JAN2421650CE,11250,2024-01-12 10:23:00+00,241.65,243.65,1061100
246.25,NFO,247.55,NIFTY18JAN2421650CE,17350,2024-01-12 10:24:00+00,244.4,246.55,1061100
247.8,NFO,250.85,NIFTY18JAN2421650CE,42450,2024-01-12 10:25:00+00,243.2,246.35,1061100
260.55,NFO,263.6,NIFTY18JAN2421650CE,110850,2024-01-12 10:26:00+00,247.5,247.5,1049900
269.3,NFO,272.5,NIFTY18JAN2421650CE,74250,2024-01-12 10:27:00+00,262.7,263.0,1049900
269.6,NFO,276.0,NIFTY18JAN2421650CE,53000,2024-01-12 10:28:00+00,268.7,269.9,1049900
260.7,NFO,271.75,NIFTY18JAN2421650CE,42650,2024-01-12 10:29:00+00,258.1,270.15,1036450
258.9,NFO,264.6,NIFTY18JAN2421650CE,40450,2024-01-12 10:30:00+00,251.7,260.05,1036450
254.3,NFO,259.85,NIFTY18JAN2421650CE,29650,2024-01-12 10:31:00+00,252.8,258.35,1036450
247.3,NFO,254.95,NIFTY18JAN2421650CE,46050,2024-01-12 10:32:00+00,246.35,254.95,1026000
253.1,NFO,256.6,NIFTY18JAN2421650CE,28000,2024-01-12 10:33:00+00,247.7,247.7,1026000
254.8,NFO,255.7,NIFTY18JAN2421650CE,16400,2024-01-12 10:34:00+00,250.0,253.1,1026000
254.35,NFO,254.8,NIFTY18JAN2421650CE,6900,2024-01-12 10:35:00+00,252.4,254.8,1022200
261.8,NFO,262.65,NIFTY18JAN2421650CE,22300,2024-01-12 10:36:00+00,254.6,254.6,1022200
259.25,NFO,264.75,NIFTY18JAN2421650CE,15550,2024-01-12 10:37:00+00,259.05,261.8,1022200
261.7,NFO,262.15,NIFTY18JAN2421650CE,10250,2024-01-12 10:38:00+00,258.35,260.25,1021150
265.0,NFO,266.3,NIFTY18JAN2421650CE,18800,2024-01-12 10:39:00+00,260.35,261.7,1021150
278.0,NFO,278.0,NIFTY18JAN2421650CE,41000,2024-01-12 10:40:00+00,264.75,264.75,1021150
268.85,NFO,280.8,NIFTY18JAN2421650CE,54600,2024-01-12 10:41:00+00,264.95,277.95,1014150
262.35,NFO,267.3,NIFTY18JAN2421650CE,15950,2024-01-12 10:42:00+00,260.6,267.3,1014150
266.4,NFO,266.5,NIFTY18JAN2421650CE,11200,2024-01-12 10:43:00+00,261.35,262.35,1014150
265.35,NFO,268.75,NIFTY18JAN2421650CE,9650,2024-01-12 10:44:00+00,265.1,266.4,1012400
262.4,NFO,266.0,NIFTY18JAN2421650CE,8650,2024-01-12 10:45:00+00,261.65,265.0,1012400
272.65,NFO,272.65,NIFTY18JAN2421650CE,15700,2024-01-12 10:46:00+00,262.4,262.4,1012400
273.0,NFO,277.25,NIFTY18JAN2421650CE,29400,2024-01-12 10:47:00+00,271.4,272.65,1005400
271.55,NFO,273.75,NIFTY18JAN2421650CE,11450,2024-01-12 10:48:00+00,268.75,273.0,1005400
268.05,NFO,274.1,NIFTY18JAN2421650CE,5000,2024-01-12 10:49:00+00,268.05,271.55,1005400
274.4,NFO,274.8,NIFTY18JAN2421650CE,16900,2024-01-12 10:50:00+00,265.7,268.4,1007250
274.5,NFO,275.9,NIFTY18JAN2421650CE,20500,2024-01-12 10:51:00+00,270.05,273.55,1007250
267.0,NFO,274.3,NIFTY18JAN2421650CE,11650,2024-01-12 10:52:00+00,265.8,273.85,1007250
264.15,NFO,267.85,NIFTY18JAN2421650CE,13700,2024-01-12 10:53:00+00,263.3,266.4,1001900
266.05,NFO,266.15,NIFTY18JAN2421650CE,18050,2024-01-12 10:54:00+00,260.8,264.1,1001900
267.45,NFO,267.95,NIFTY18JAN2421650CE,9450,2024-01-12 10:55:00+00,264.0,265.55,1001900
269.0,NFO,273.4,NIFTY18JAN2421650CE,12100,2024-01-12 10:56:00+00,267.45,267.45,1000000
273.45,NFO,273.45,NIFTY18JAN2421650CE,13900,2024-01-12 10:57:00+00,266.65,269.3,1000000
275.4,NFO,276.35,NIFTY18JAN2421650CE,20050,2024-01-12 10:58:00+00,269.55,272.35,1000000
274.95,NFO,277.2,NIFTY18JAN2421650CE,16050,2024-01-12 10:59:00+00,274.3,276.25,994650
285.6,NFO,287.15,NIFTY18JAN2421650CE,59050,2024-01-12 11:00:00+00,276.0,276.0,994650
271.45,NFO,287.4,NIFTY18JAN2421650CE,40100,2024-01-12 11:01:00+00,270.2,285.1,994650
272.7,NFO,273.6,NIFTY18JAN2421650CE,14550,2024-01-12 11:02:00+00,268.0,271.6,974700
270.8,NFO,276.7,NIFTY18JAN2421650CE,12600,2024-01-12 11:03:00+00,269.3,272.7,974700
267.85,NFO,272.25,NIFTY18JAN2421650CE,11800,2024-01-12 11:04:00+00,266.0,270.8,974700
269.45,NFO,271.2,NIFTY18JAN2421650CE,14850,2024-01-12 11:05:00+00,265.0,267.85,979500
266.0,NFO,269.45,NIFTY18JAN2421650CE,7400,2024-01-12 11:06:00+00,265.0,269.45,979500
261.1,NFO,265.25,NIFTY18JAN2421650CE,16550,2024-01-12 11:07:00+00,260.75,265.25,979500
259.85,NFO,261.45,NIFTY18JAN2421650CE,21000,2024-01-12 11:08:00+00,255.85,261.4,981600
259.8,NFO,262.1,NIFTY18JAN2421650CE,9950,2024-01-12 11:09:00+00,258.85,259.65,981600
263.65,NFO,263.65,NIFTY18JAN2421650CE,11500,2024-01-12 11:10:00+00,258.0,259.8,981600
263.85,NFO,265.3,NIFTY18JAN2421650CE,7900,2024-01-12 11:11:00+00,261.6,263.95,980050
263.0,NFO,264.25,NIFTY18JAN2421650CE,4100,2024-01-12 11:12:00+00,261.3,263.85,980050
260.45,NFO,263.8,NIFTY18JAN2421650CE,4100,2024-01-12 11:13:00+00,260.45,263.0,980050
259.9,NFO,261.8,NIFTY18JAN2421650CE,9400,2024-01-12 11:14:00+00,258.35,260.45,980800
264.0,NFO,264.7,NIFTY18JAN2421650CE,8200,2024-01-12 11:15:00+00,258.65,259.45,980800
262.95,NFO,266.0,NIFTY18JAN2421650CE,9650,2024-01-12 11:16:00+00,262.75,263.85,980800
265.6,NFO,266.0,NIFTY18JAN2421650CE,7050,2024-01-12 11:17:00+00,264.15,264.15,988050
270.6,NFO,270.6,NIFTY18JAN2421650CE,8950,2024-01-12 11:18:00+00,265.0,265.6,988050
271.0,NFO,272.55,NIFTY18JAN2421650CE,12400,2024-01-12 11:19:00+00,269.8,269.95,988050
271.15,NFO,272.0,NIFTY18JAN2421650CE,15150,2024-01-12 11:20:00+00,269.8,271.0,993100
275.55,NFO,278.65,NIFTY18JAN2421650CE,22250,2024-01-12 11:21:00+00,271.15,271.15,993100
267.6,NFO,275.8,NIFTY18JAN2421650CE,11500,2024-01-12 11:22:00+00,267.6,275.8,993100
270.3,NFO,271.6,NIFTY18JAN2421650CE,8150,2024-01-12 11:23:00+00,266.6,267.6,988950
270.6,NFO,272.6,NIFTY18JAN2421650CE,5900,2024-01-12 11:24:00+00,269.65,270.55,988950
270.3,NFO,272.3,NIFTY18JAN2421650CE,6250,2024-01-12 11:25:00+00,268.65,270.6,988950
268.05,NFO,271.35,NIFTY18JAN2421650CE,6450,2024-01-12 11:26:00+00,265.85,270.3,988750
267.0,NFO,269.6,NIFTY18JAN2421650CE,5750,2024-01-12 11:27:00+00,267.0,267.4,988750
270.65,NFO,271.55,NIFTY18JAN2421650CE,3400,2024-01-12 11:28:00+00,266.4,266.8,988750
275.95,NFO,275.95,NIFTY18JAN2421650CE,9100,2024-01-12 11:29:00+00,269.1,270.4,987050
271.15,NFO,274.9,NIFTY18JAN2421650CE,9650,2024-01-12 11:30:00+00,268.95,274.8,987050
266.25,NFO,272.1,NIFTY18JAN2421650CE,5700,2024-01-12 11:31:00+00,265.6,271.15,987050
264.0,NFO,266.3,NIFTY18JAN2421650CE,7900,2024-01-12 11:32:00+00,263.6,266.2,986500
264.35,NFO,265.9,NIFTY18JAN2421650CE,15500,2024-01-12 11:33:00+00,263.7,263.95,986500
267.2,NFO,268.1,NIFTY18JAN2421650CE,2400,2024-01-12 11:34:00+00,264.35,264.35,986500
271.95,NFO,272.4,NIFTY18JAN2421650CE,9150,2024-01-12 11:35:00+00,267.2,267.2,982950
270.6,NFO,274.0,NIFTY18JAN2421650CE,5850,2024-01-12 11:36:00+00,269.65,271.95,982950
267.75,NFO,271.0,NIFTY18JAN2421650CE,2000,2024-01-12 11:37:00+00,267.75,270.6,982950
270.6,NFO,271.0,NIFTY18JAN2421650CE,5950,2024-01-12 11:38:00+00,267.65,267.75,982850
274.0,NFO,274.0,NIFTY18JAN2421650CE,6900,2024-01-12 11:39:00+00,269.7,270.6,982850
268.8,NFO,276.35,NIFTY18JAN2421650CE,8450,2024-01-12 11:40:00+00,268.25,274.3,982850
268.05,NFO,270.2,NIFTY18JAN2421650CE,3250,2024-01-12 11:41:00+00,266.6,268.8,979800
273.95,NFO,275.35,NIFTY18JAN2421650CE,6250,2024-01-12 11:42:00+00,268.05,268.05,979800
277.55,NFO,277.55,NIFTY18JAN2421650CE,12900,2024-01-12 11:43:00+00,273.95,273.95,979800
275.15,NFO,281.95,NIFTY18JAN2421650CE,23800,2024-01-12 11:44:00+00,274.6,278.25,983300
276.85,NFO,277.95,NIFTY18JAN2421650CE,5450,2024-01-12 11:45:00+00,274.0,274.0,983300
276.8,NFO,278.4,NIFTY18JAN2421650CE,4400,2024-01-12 11:46:00+00,275.65,276.4,983300
275.8,NFO,277.0,NIFTY18JAN2421650CE,4300,2024-01-12 11:47:00+00,273.3,276.8,983750
277.0,NFO,278.0,NIFTY18JAN2421650CE,4150,2024-01-12 11:48:00+00,275.75,275.8,983750
272.3,NFO,278.5,NIFTY18JAN2421650CE,8600,2024-01-12 11:49:00+00,272.3,277.0,983750
281.75,NFO,283.35,NIFTY18JAN2421650CE,14450,2024-01-12 11:50:00+00,272.3,272.3,983200
280.9,NFO,285.05,NIFTY18JAN2421650CE,17550,2024-01-12 11:51:00+00,279.65,281.0,983200
277.05,NFO,281.95,NIFTY18JAN2421650CE,3950,2024-01-12 11:52:00+00,276.0,280.9,983200
275.2,NFO,277.5,NIFTY18JAN2421650CE,8100,2024-01-12 11:53:00+00,275.0,277.05,977450
274.2,NFO,275.55,NIFTY18JAN2421650CE,9950,2024-01-12 11:54:00+00,272.0,275.55,977450
271.4,NFO,275.4,NIFTY18JAN2421650CE,7400,2024-01-12 11:55:00+00,270.8,274.2,977450
274.05,NFO,274.05,NIFTY18JAN2421650CE,6550,2024-01-12 11:56:00+00,270.35,271.4,976100
275.8,NFO,276.0,NIFTY18JAN2421650CE,2950,2024-01-12 11:57:00+00,273.7,274.05,976100
276.4,NFO,278.65,NIFTY18JAN2421650CE,4150,2024-01-12 11:58:00+00,275.4,275.8,976100
274.7,NFO,279.0,NIFTY18JAN2421650CE,2550,2024-01-12 11:59:00+00,274.7,276.4,976500
271.6,NFO,274.5,NIFTY18JAN2421650CE,6400,2024-01-12 12:00:00+00,270.2,274.0,976500
266.5,NFO,271.6,NIFTY18JAN2421650CE,12350,2024-01-12 12:01:00+00,266.0,271.6,976500
267.85,NFO,269.2,NIFTY18JAN2421650CE,37250,2024-01-12 12:02:00+00,263.45,266.6,973050
255.55,NFO,269.0,NIFTY18JAN2421650CE,24350,2024-01-12 12:03:00+00,254.95,267.85,973050
258.55,NFO,261.95,NIFTY18JAN2421650CE,19100,2024-01-12 12:04:00+00,255.5,255.5,973050
257.5,NFO,260.6,NIFTY18JAN2421650CE,13400,2024-01-12 12:05:00+00,256.35,258.55,957150
251.15,NFO,256.9,NIFTY18JAN2421650CE,27600,2024-01-12 12:06:00+00,251.15,256.9,957150
259.45,NFO,260.6,NIFTY18JAN2421650CE,16250,2024-01-12 12:07:00+00,250.1,250.1,957150
263.5,NFO,265.9,NIFTY18JAN2421650CE,15650,2024-01-12 12:08:00+00,261.75,262.4,942550
259.05,NFO,265.85,NIFTY18JAN2421650CE,10100,2024-01-12 12:09:00+00,256.9,263.5,942550
262.95,NFO,263.4,NIFTY18JAN2421650CE,6600,2024-01-12 12:10:00+00,257.7,259.8,942550
255.8,NFO,264.2,NIFTY18JAN2421650CE,8000,2024-01-12 12:11:00+00,255.0,263.1,938750
259.05,NFO,260.3,NIFTY18JAN2421650CE,8300,2024-01-12 12:12:00+00,255.8,256.2,938750
265.5,NFO,265.55,NIFTY18JAN2421650CE,12500,2024-01-12 12:13:00+00,259.05,259.05,938750
261.55,NFO,265.3,NIFTY18JAN2421650CE,8300,2024-01-12 12:14:00+00,261.55,265.0,934650
261.45,NFO,265.5,NIFTY18JAN2421650CE,5550,2024-01-12 12:15:00+00,260.7,261.55,934650
264.0,NFO,264.0,NIFTY18JAN2421650CE,3600,2024-01-12 12:16:00+00,262.1,263.8,934650
264.7,NFO,264.7,NIFTY18JAN2421650CE,4100,2024-01-12 12:17:00+00,262.75,264.0,934950
261.1,NFO,268.7,NIFTY18JAN2421650CE,12950,2024-01-12 12:18:00+00,260.6,265.3,934950
264.05,NFO,266.0,NIFTY18JAN2421650CE,3400,2024-01-12 12:19:00+00,260.4,261.9,934950
263.45,NFO,265.45,NIFTY18JAN2421650CE,3600,2024-01-12 12:20:00+00,262.4,264.05,937950
259.0,NFO,265.45,NIFTY18JAN2421650CE,3800,2024-01-12 12:21:00+00,259.0,263.45,937950
261.3,NFO,263.0,NIFTY18JAN2421650CE,3700,2024-01-12 12:22:00+00,259.4,259.4,937950
262.3,NFO,264.0,NIFTY18JAN2421650CE,1350,2024-01-12 12:23:00+00,261.3,261.3,936250
262.5,NFO,263.7,NIFTY18JAN2421650CE,1650,2024-01-12 12:24:00+00,262.3,262.3,936250
260.55,NFO,262.8,NIFTY18JAN2421650CE,2250,2024-01-12 12:25:00+00,259.5,262.5,936250
264.25,NFO,264.25,NIFTY18JAN2421650CE,1500,2024-01-12 12:26:00+00,259.5,260.55,937950
264.15,NFO,266.0,NIFTY18JAN2421650CE,1500,2024-01-12 12:27:00+00,263.35,264.25,937950
262.2,NFO,267.0,NIFTY18JAN2421650CE,4400,2024-01-12 12:28:00+00,261.15,264.15,937950
265.35,NFO,265.65,NIFTY18JAN2421650CE,1700,2024-01-12 12:29:00+00,262.2,262.2,937850
267.0,NFO,268.8,NIFTY18JAN2421650CE,7650,2024-01-12 12:30:00+00,265.35,265.35,937850
265.2,NFO,269.7,NIFTY18JAN2421650CE,3700,2024-01-12 12:31:00+00,265.2,267.0,937850
270.9,NFO,272.35,NIFTY18JAN2421650CE,7200,2024-01-12 12:32:00+00,265.2,265.2,937700
271.7,NFO,273.3,NIFTY18JAN2421650CE,8200,2024-01-12 12:33:00+00,269.55,269.55,937700
265.0,NFO,272.5,NIFTY18JAN2421650CE,9000,2024-01-12 12:34:00+00,264.9,271.5,937700
264.4,NFO,266.9,NIFTY18JAN2421650CE,8700,2024-01-12 12:35:00+00,261.75,265.0,942400
265.35,NFO,266.75,NIFTY18JAN2421650CE,3600,2024-01-12 12:36:00+00,263.5,264.4,942400
261.85,NFO,265.6,NIFTY18JAN2421650CE,4250,2024-01-12 12:37:00+00,261.3,265.35,942400
260.0,NFO,262.5,NIFTY18JAN2421650CE,8500,2024-01-12 12:38:00+00,259.0,261.85,941400
259.1,NFO,262.0,NIFTY18JAN2421650CE,8250,2024-01-12 12:39:00+00,256.05,259.05,941400
258.75,NFO,259.9,NIFTY18JAN2421650CE,3100,2024-01-12 12:40:00+00,257.8,259.1,941400
262.0,NFO,262.0,NIFTY18JAN2421650CE,3750,2024-01-12 12:41:00+00,257.15,258.75,939850
260.75,NFO,261.4,NIFTY18JAN2421650CE,5800,2024-01-12 12:42:00+00,259.55,261.25,939850
261.25,NFO,265.0,NIFTY18JAN2421650CE,6500,2024-01-12 12:43:00+00,258.75,260.75,939850
260.55,NFO,262.5,NIFTY18JAN2421650CE,1700,2024-01-12 12:44:00+00,260.0,261.25,934150
264.4,NFO,265.1,NIFTY18JAN2421650CE,4100,2024-01-12 12:45:00+00,260.9,260.9,934150
264.85,NFO,264.85,NIFTY18JAN2421650CE,5350,2024-01-12 12:46:00+00,262.75,264.4,934150
266.7,NFO,266.7,NIFTY18JAN2421650CE,6600,2024-01-12 12:47:00+00,263.7,264.85,931800
263.85,NFO,265.8,NIFTY18JAN2421650CE,5400,2024-01-12 12:48:00+00,263.0,265.5,931800
270.0,NFO,270.6,NIFTY18JAN2421650CE,9100,2024-01-12 12:49:00+00,265.5,265.5,931800
274.05,NFO,274.05,NIFTY18JAN2421650CE,16650,2024-01-12 12:50:00+00,270.0,270.0,931800
278.95,NFO,279.1,NIFTY18JAN2421650CE,14650,2024-01-12 12:51:00+00,273.0,273.15,931800
281.45,NFO,282.75,NIFTY18JAN2421650CE,14500,2024-01-12 12:52:00+00,276.8,278.95,931800
279.65,NFO,282.7,NIFTY18JAN2421650CE,11250,2024-01-12 12:53:00+00,278.3,281.35,930300
288.5,NFO,290.85,NIFTY18JAN2421650CE,28900,2024-01-12 12:54:00+00,279.9,280.05,930300
300.9,NFO,304.0,NIFTY18JAN2421650CE,46100,2024-01-12 12:55:00+00,285.8,289.5,930300
298.7,NFO,305.25,NIFTY18JAN2421650CE,28550,2024-01-12 12:56:00+00,294.35,303.4,923350
297.35,NFO,300.35,NIFTY18JAN2421650CE,13400,2024-01-12 12:57:00+00,296.5,299.1,923350
291.55,NFO,297.35,NIFTY18JAN2421650CE,21800,2024-01-12 12:58:00+00,290.8,297.35,923350
291.35,NFO,293.0,NIFTY18JAN2421650CE,8950,2024-01-12 12:59:00+00,287.7,290.7,924850
294.5,NFO,297.45,NIFTY18JAN2421650CE,7550,2024-01-12 13:00:00+00,289.4,291.35,924850
294.0,NFO,298.0,NIFTY18JAN2421650CE,12450,2024-01-12 13:01:00+00,292.35,294.5,924850
299.45,NFO,300.95,NIFTY18JAN2421650CE,9450,2024-01-12 13:02:00+00,293.9,294.45,922300
290.65,NFO,299.0,NIFTY18JAN2421650CE,10550,2024-01-12 13:03:00+00,290.0,299.0,922300
290.9,NFO,292.6,NIFTY18JAN2421650CE,14250,2024-01-12 13:04:00+00,287.2,290.65,922300
293.1,NFO,293.1,NIFTY18JAN2421650CE,9950,2024-01-12 13:05:00+00,287.9,290.9,921050
289.35,NFO,294.75,NIFTY18JAN2421650CE,5850,2024-01-12 13:06:00+00,288.65,291.6,921050
287.15,NFO,289.4,NIFTY18JAN2421650CE,6600,2024-01-12 13:07:00+00,285.15,289.4,921050
288.1,NFO,289.6,NIFTY18JAN2421650CE,1700,2024-01-12 13:08:00+00,286.6,287.15,921050
284.0,NFO,289.2,NIFTY18JAN2421650CE,4750,2024-01-12 13:09:00+00,283.6,289.2,922250
288.95,NFO,288.95,NIFTY18JAN2421650CE,7150,2024-01-12 13:10:00+00,283.0,285.3,922250
291.75,NFO,292.95,NIFTY18JAN2421650CE,7700,2024-01-12 13:11:00+00,288.9,288.9,921450
289.5,NFO,293.2,NIFTY18JAN2421650CE,8150,2024-01-12 13:12:00+00,289.5,291.75,921450
289.45,NFO,291.45,NIFTY18JAN2421650CE,1800,2024-01-12 13:13:00+00,289.0,289.5,921450
288.6,NFO,291.0,NIFTY18JAN2421650CE,8250,2024-01-12 13:14:00+00,285.3,290.1,921800
297.0,NFO,298.6,NIFTY18JAN2421650CE,16250,2024-01-12 13:15:00+00,288.6,288.6,921800
291.8,NFO,296.8,NIFTY18JAN2421650CE,9150,2024-01-12 13:16:00+00,291.7,296.8,921800
289.4,NFO,292.05,NIFTY18JAN2421650CE,4300,2024-01-12 13:17:00+00,289.4,291.8,925000
289.25,NFO,289.7,NIFTY18JAN2421650CE,5100,2024-01-12 13:18:00+00,287.9,289.0,925000
284.1,NFO,288.7,NIFTY18JAN2421650CE,8350,2024-01-12 13:19:00+00,282.85,288.7,925000
291.8,NFO,291.8,NIFTY18JAN2421650CE,6500,2024-01-12 13:20:00+00,282.4,284.1,925150
291.5,NFO,294.25,NIFTY18JAN2421650CE,4100,2024-01-12 13:21:00+00,291.25,292.0,925150
291.05,NFO,294.0,NIFTY18JAN2421650CE,2700,2024-01-12 13:22:00+00,289.25,291.25,925150
296.65,NFO,296.65,NIFTY18JAN2421650CE,7150,2024-01-12 13:23:00+00,288.3,291.05,926300
292.9,NFO,297.7,NIFTY18JAN2421650CE,8450,2024-01-12 13:24:00+00,291.55,296.65,926300
291.8,NFO,292.9,NIFTY18JAN2421650CE,2300,2024-01-12 13:25:00+00,290.7,292.9,926300
295.3,NFO,297.25,NIFTY18JAN2421650CE,5700,2024-01-12 13:26:00+00,291.45,291.8,926300
300.9,NFO,302.05,NIFTY18JAN2421650CE,11150,2024-01-12 13:27:00+00,295.65,296.6,929250
301.0,NFO,307.45,NIFTY18JAN2421650CE,18950,2024-01-12 13:28:00+00,299.7,300.6,929250
299.45,NFO,301.5,NIFTY18JAN2421650CE,9500,2024-01-12 13:29:00+00,298.0,301.4,927250
300.25,NFO,300.3,NIFTY18JAN2421650CE,8950,2024-01-12 13:30:00+00,295.2,299.75,927250
309.0,NFO,311.0,NIFTY18JAN2421650CE,19150,2024-01-12 13:31:00+00,301.0,301.0,927250
303.1,NFO,310.6,NIFTY18JAN2421650CE,12700,2024-01-12 13:32:00+00,303.0,308.0,919300
304.5,NFO,306.7,NIFTY18JAN2421650CE,14500,2024-01-12 13:33:00+00,300.0,300.0,919300
299.1,NFO,304.5,NIFTY18JAN2421650CE,10050,2024-01-12 13:34:00+00,298.4,304.5,919300
304.25,NFO,304.35,NIFTY18JAN2421650CE,9450,2024-01-12 13:35:00+00,297.5,299.1,912900
304.8,NFO,308.35,NIFTY18JAN2421650CE,16200,2024-01-12 13:36:00+00,302.9,305.0,912900
308.35,NFO,308.35,NIFTY18JAN2421650CE,9950,2024-01-12 13:37:00+00,302.8,304.8,912900
307.85,NFO,310.5,NIFTY18JAN2421650CE,11950,2024-01-12 13:38:00+00,306.3,308.35,902950
311.05,NFO,313.0,NIFTY18JAN2421650CE,13950,2024-01-12 13:39:00+00,306.85,307.3,902950
315.0,NFO,316.9,NIFTY18JAN2421650CE,25850,2024-01-12 13:40:00+00,308.7,311.3,902950
327.25,NFO,328.75,NIFTY18JAN2421650CE,46900,2024-01-12 13:41:00+00,315.0,315.85,889450
334.35,NFO,337.3,NIFTY18JAN2421650CE,46250,2024-01-12 13:42:00+00,325.2,330.0,889450
326.95,NFO,334.3,NIFTY18JAN2421650CE,40850,2024-01-12 13:43:00+00,325.05,332.85,889450
322.6,NFO,327.9,NIFTY18JAN2421650CE,28400,2024-01-12 13:44:00+00,320.95,326.95,889450
324.85,NFO,328.2,NIFTY18JAN2421650CE,16750,2024-01-12 13:45:00+00,322.85,322.85,899400
320.45,NFO,325.2,NIFTY18JAN2421650CE,18450,2024-01-12 13:46:00+00,316.45,325.1,899400
321.0,NFO,321.9,NIFTY18JAN2421650CE,3350,2024-01-12 13:47:00+00,319.75,319.9,899400
322.9,NFO,323.0,NIFTY18JAN2421650CE,9550,2024-01-12 13:48:00+00,319.8,321.0,911100
326.65,NFO,327.95,NIFTY18JAN2421650CE,8300,2024-01-12 13:49:00+00,323.8,323.9,911100
327.1,NFO,329.8,NIFTY18JAN2421650CE,5550,2024-01-12 13:50:00+00,325.05,326.6,911100
327.1,NFO,330.0,NIFTY18JAN2421650CE,4900,2024-01-12 13:51:00+00,325.5,327.1,911450
331.25,NFO,331.25,NIFTY18JAN2421650CE,4150,2024-01-12 13:52:00+00,327.1,327.1,911450
332.0,NFO,333.2,NIFTY18JAN2421650CE,5600,2024-01-12 13:53:00+00,329.9,330.9,911450
332.65,NFO,333.0,NIFTY18JAN2421650CE,7000,2024-01-12 13:54:00+00,326.7,332.0,911000
330.45,NFO,339.95,NIFTY18JAN2421650CE,27900,2024-01-12 13:55:00+00,329.0,332.65,911000
325.8,NFO,331.1,NIFTY18JAN2421650CE,10350,2024-01-12 13:56:00+00,324.8,330.45,911000
329.8,NFO,331.7,NIFTY18JAN2421650CE,4150,2024-01-12 13:57:00+00,325.8,325.8,905000
328.15,NFO,330.65,NIFTY18JAN2421650CE,5850,2024-01-12 13:58:00+00,327.1,330.0,905000
330.35,NFO,330.35,NIFTY18JAN2421650CE,3400,2024-01-12 13:59:00+00,326.0,328.15,905000
324.5,NFO,333.5,NIFTY18JAN2421650CE,15850,2024-01-12 14:00:00+00,320.9,333.5,904150
332.05,NFO,332.75,NIFTY18JAN2421650CE,7650,2024-01-12 14:01:00+00,324.3,324.5,904150
325.8,NFO,333.0,NIFTY18JAN2421650CE,4250,2024-01-12 14:02:00+00,325.0,333.0,904150
325.3,NFO,326.35,NIFTY18JAN2421650CE,5900,2024-01-12 14:03:00+00,320.4,325.8,904900
323.55,NFO,326.8,NIFTY18JAN2421650CE,2250,2024-01-12 14:04:00+00,322.0,324.8,904900
316.1,NFO,324.95,NIFTY18JAN2421650CE,7850,2024-01-12 14:05:00+00,316.0,322.0,904900
312.7,NFO,318.15,NIFTY18JAN2421650CE,12300,2024-01-12 14:06:00+00,309.45,313.2,903800
316.1,NFO,320.0,NIFTY18JAN2421650CE,4250,2024-01-12 14:07:00+00,312.5,312.5,903800
314.2,NFO,318.45,NIFTY18JAN2421650CE,3950,2024-01-12 14:08:00+00,312.0,316.0,903800
320.0,NFO,320.0,NIFTY18JAN2421650CE,3400,2024-01-12 14:09:00+00,314.2,314.2,900900
321.55,NFO,323.85,NIFTY18JAN2421650CE,9000,2024-01-12 14:10:00+00,317.4,320.0,900900
316.4,NFO,321.9,NIFTY18JAN2421650CE,3950,2024-01-12 14:11:00+00,316.25,321.55,900900
312.35,NFO,316.4,NIFTY18JAN2421650CE,7550,2024-01-12 14:12:00+00,310.65,316.4,900650
312.2,NFO,315.55,NIFTY18JAN2421650CE,3400,2024-01-12 14:13:00+00,311.0,312.35,900650
319.7,NFO,320.45,NIFTY18JAN2421650CE,4650,2024-01-12 14:14:00+00,312.2,312.2,900650
317.65,NFO,320.0,NIFTY18JAN2421650CE,5850,2024-01-12 14:15:00+00,317.2,319.7,893750
325.7,NFO,325.7,NIFTY18JAN2421650CE,6650,2024-01-12 14:16:00+00,317.65,317.65,893750
327.4,NFO,329.4,NIFTY18JAN2421650CE,13550,2024-01-12 14:17:00+00,325.35,325.35,893750
320.8,NFO,327.4,NIFTY18JAN2421650CE,11750,2024-01-12 14:18:00+00,320.8,326.8,891400
315.3,NFO,324.0,NIFTY18JAN2421650CE,4000,2024-01-12 14:19:00+00,314.7,320.85,891400
322.3,NFO,323.45,NIFTY18JAN2421650CE,8050,2024-01-12 14:20:00+00,315.3,315.3,891400
319.1,NFO,323.15,NIFTY18JAN2421650CE,2000,2024-01-12 14:21:00+00,317.65,322.3,895250
328.25,NFO,329.9,NIFTY18JAN2421650CE,4900,2024-01-12 14:22:00+00,319.1,319.1,895250
327.3,NFO,329.0,NIFTY18JAN2421650CE,5600,2024-01-12 14:23:00+00,325.0,328.25,895250
329.3,NFO,331.65,NIFTY18JAN2421650CE,7050,2024-01-12 14:24:00+00,327.3,327.3,895000
330.5,NFO,330.5,NIFTY18JAN2421650CE,4500,2024-01-12 14:26:00+00,323.55,326.55,895000
340.0,NFO,340.9,NIFTY18JAN2421650CE,14600,2024-01-12 14:27:00+00,330.0,331.75,893700
333.0,NFO,340.15,NIFTY18JAN2421650CE,5250,2024-01-12 14:29:00+00,331.1,339.7,893700
335.7,NFO,341.7,NIFTY18JAN2421650CE,12150,2024-01-12 14:30:00+00,332.5,332.5,891500
340.9,NFO,341.3,NIFTY18JAN2421650CE,6500,2024-01-12 14:31:00+00,335.0,335.7,891500
340.8,NFO,342.0,NIFTY18JAN2421650CE,5550,2024-01-12 14:32:00+00,338.5,339.95,891500
338.55,NFO,340.8,NIFTY18JAN2421650CE,5850,2024-01-12 14:33:00+00,336.2,340.8,888900
338.4,NFO,339.55,NIFTY18JAN2421650CE,2800,2024-01-12 14:34:00+00,336.2,338.55,888900
343.1,NFO,343.4,NIFTY18JAN2421650CE,8000,2024-01-12 14:35:00+00,338.4,338.4,888900
355.95,NFO,357.1,NIFTY18JAN2421650CE,36300,2024-01-12 14:36:00+00,342.55,342.55,885950
359.35,NFO,362.7,NIFTY18JAN2421650CE,35850,2024-01-12 14:37:00+00,354.3,355.95,885950
367.0,NFO,368.25,NIFTY18JAN2421650CE,23050,2024-01-12 14:38:00+00,358.35,358.35,885950
374.05,NFO,374.05,NIFTY18JAN2421650CE,16400,2024-01-12 14:39:00+00,366.3,366.8,872150
371.7,NFO,374.7,NIFTY18JAN2421650CE,17850,2024-01-12 14:40:00+00,367.5,372.55,872150
354.65,NFO,370.5,NIFTY18JAN2421650CE,22050,2024-01-12 14:41:00+00,353.1,370.5,872150
359.2,NFO,363.55,NIFTY18JAN2421650CE,6650,2024-01-12 14:42:00+00,355.45,355.45,864750
361.25,NFO,361.5,NIFTY18JAN2421650CE,2850,2024-01-12 14:43:00+00,357.05,359.9,864750
354.0,NFO,361.25,NIFTY18JAN2421650CE,18800,2024-01-12 14:44:00+00,354.0,361.25,864750
354.65,NFO,356.25,NIFTY18JAN2421650CE,11550,2024-01-12 14:45:00+00,347.25,354.0,862750
350.6,NFO,354.95,NIFTY18JAN2421650CE,5750,2024-01-12 14:46:00+00,348.0,354.65,862750
350.4,NFO,351.15,NIFTY18JAN2421650CE,10950,2024-01-12 14:47:00+00,346.0,349.1,862750
348.4,NFO,350.35,NIFTY18JAN2421650CE,2350,2024-01-12 14:48:00+00,347.3,350.35,858450
337.1,NFO,350.0,NIFTY18JAN2421650CE,4300,2024-01-12 14:49:00+00,337.1,350.0,858450
340.0,NFO,344.35,NIFTY18JAN2421650CE,6350,2024-01-12 14:50:00+00,330.25,335.35,858450
345.9,NFO,346.8,NIFTY18JAN2421650CE,6150,2024-01-12 14:51:00+00,337.3,340.0,856900
338.65,NFO,343.7,NIFTY18JAN2421650CE,3650,2024-01-12 14:52:00+00,335.2,342.9,856900
338.05,NFO,339.7,NIFTY18JAN2421650CE,3700,2024-01-12 14:53:00+00,331.75,339.55,856900
336.05,NFO,340.3,NIFTY18JAN2421650CE,6850,2024-01-12 14:54:00+00,334.6,338.05,852250
334.25,NFO,337.2,NIFTY18JAN2421650CE,5400,2024-01-12 14:55:00+00,333.1,336.55,852250
336.15,NFO,339.6,NIFTY18JAN2421650CE,3400,2024-01-12 14:56:00+00,332.35,334.25,852250
334.6,NFO,336.6,NIFTY18JAN2421650CE,3100,2024-01-12 14:57:00+00,333.2,336.15,851200
341.45,NFO,341.45,NIFTY18JAN2421650CE,11200,2024-01-12 14:58:00+00,334.25,334.6,851200
338.9,NFO,342.05,NIFTY18JAN2421650CE,7200,2024-01-12 14:59:00+00,335.2,342.05,851200
340.9,NFO,350.25,NIFTY18JAN2421650CE,14200,2024-01-12 15:00:00+00,337.55,338.9,837000
339.7,NFO,343.2,NIFTY18JAN2421650CE,2650,2024-01-12 15:01:00+00,335.9,340.85,837000
338.45,NFO,342.4,NIFTY18JAN2421650CE,8350,2024-01-12 15:02:00+00,337.75,339.7,837000
345.8,NFO,348.6,NIFTY18JAN2421650CE,5900,2024-01-12 15:03:00+00,338.4,338.45,837100
317.3,NFO,346.5,NIFTY18JAN2421650CE,14050,2024-01-12 15:04:00+00,317.3,345.5,837100
318.0,NFO,326.3,NIFTY18JAN2421650CE,8400,2024-01-12 15:05:00+00,309.7,317.3,837100
305.15,NFO,318.0,NIFTY18JAN2421650CE,22700,2024-01-12 15:06:00+00,301.3,318.0,827700
301.0,NFO,311.65,NIFTY18JAN2421650CE,18450,2024-01-12 15:07:00+00,301.0,308.75,827700
293.3,NFO,300.5,NIFTY18JAN2421650CE,45600,2024-01-12 15:08:00+00,290.75,300.5,827700
291.1,NFO,297.55,NIFTY18JAN2421650CE,11200,2024-01-12 15:09:00+00,288.5,292.0,800200
299.65,NFO,301.4,NIFTY18JAN2421650CE,14850,2024-01-12 15:10:00+00,286.05,290.35,800200
308.85,NFO,311.15,NIFTY18JAN2421650CE,36400,2024-01-12 15:11:00+00,297.5,299.65,800200
305.25,NFO,311.6,NIFTY18JAN2421650CE,13400,2024-01-12 15:12:00+00,300.0,308.85,792550
302.75,NFO,305.75,NIFTY18JAN2421650CE,5250,2024-01-12 15:13:00+00,300.0,305.25,792550
305.45,NFO,309.75,NIFTY18JAN2421650CE,4500,2024-01-12 15:14:00+00,301.5,303.05,792550
317.85,NFO,320.0,NIFTY18JAN2421650CE,16900,2024-01-12 15:15:00+00,306.15,308.1,787850
320.0,NFO,330.0,NIFTY18JAN2421650CE,13000,2024-01-12 15:16:00+00,316.8,316.8,787850
321.15,NFO,322.3,NIFTY18JAN2421650CE,4400,2024-01-12 15:17:00+00,316.0,318.6,787850
323.1,NFO,325.95,NIFTY18JAN2421650CE,4800,2024-01-12 15:18:00+00,321.6,321.6,787800
324.4,NFO,325.3,NIFTY18JAN2421650CE,18150,2024-01-12 15:19:00+00,320.8,323.4,787800
333.6,NFO,334.55,NIFTY18JAN2421650CE,53450,2024-01-12 15:20:00+00,324.7,324.7,787800
333.0,NFO,335.3,NIFTY18JAN2421650CE,6850,2024-01-12 15:21:00+00,331.75,331.75,772650
326.6,NFO,333.0,NIFTY18JAN2421650CE,6950,2024-01-12 15:22:00+00,326.0,333.0,772650
325.5,NFO,328.4,NIFTY18JAN2421650CE,6750,2024-01-12 15:23:00+00,322.7,325.9,772650
334.85,NFO,335.85,NIFTY18JAN2421650CE,7600,2024-01-12 15:24:00+00,324.85,324.85,768900
339.9,NFO,339.9,NIFTY18JAN2421650CE,5000,2024-01-12 15:25:00+00,334.85,334.85,768900
339.75,NFO,341.0,NIFTY18JAN2421650CE,11250,2024-01-12 15:26:00+00,338.75,338.85,768900
341.25,NFO,341.6,NIFTY18JAN2421650CE,17850,2024-01-12 15:27:00+00,337.8,339.75,767700
347.05,NFO,347.2,NIFTY18JAN2421650CE,14900,2024-01-12 15:28:00+00,341.2,341.2,767700
345.0,NFO,347.95,NIFTY18JAN2421650CE,38900,2024-01-12 15:29:00+00,343.1,346.2,767700
345.0,NFO,345.0,NIFTY18JAN2421650CE,0,2024-01-12 15:30:00+00,345.0,345.0,767700
345.0,NFO,345.0,NIFTY18JAN2421650CE,0,2024-01-12 15:30:00+00,345.0,345.0,767700
