lasttradetime,open,high,low,close,volume
2024-04-09 15:30:00,246.1371900498867,255.6020204871893,239.5606046915054,246.5901535898447,870602.5995254517
2024-04-09 15:31:00,246.6668753147125,256.5649743333459,239.8178660869598,247.16050817072392,859830.8916449547
2024-04-09 15:32:00,246.96810964345931,257.37222697883846,239.69949305057523,247.3830873966217,841717.0531153679
2024-04-09 15:33:00,247.14509961009026,258.01293161809446,239.59561467170712,247.52977427840233,817789.0354156494
2024-04-09 15:34:00,247.55543975830076,258.41808327287436,239.96526598930356,247.90331354737282,801370.9954977036
2024-04-09 15:35:00,247.91691339612007,258.73901574015616,240.35723507404325,248.25178860127926,782348.612165451
2024-04-09 15:36:00,248.30609484910966,259.0312146022916,240.8255702257156,248.63347436487675,763116.8137192726
2024-04-09 15:37:00,248.75730402469634,259.33585078716277,241.36445105075833,249.06443892419338,745449.3715524673
2024-04-09 15:38:00,249.2147600531578,259.6309829801321,241.93249642848966,249.50667363405228,727196.6522097588
2024-04-09 15:39:00,249.70280802845954,259.9465572297573,242.5399452447891,249.9814193546772,709232.2396337986
2024-04-09 15:40:00,250.2216998398304,260.2869279026985,243.18076431751248,250.48677690327168,691666.485875845
2024-04-09 15:41:00,250.76241785287857,260.6457329303026,243.85112345218656,251.01689879596233,674091.6746735573
2024-04-09 15:42:00,251.33196458816528,261.03196786046027,244.5535761117935,251.57785741984844,656743.3433353901
2024-04-09 15:43:00,251.92963475584983,261.44539802670477,245.28702080249784,252.16872817277908,639583.2493185997
2024-04-09 15:44:00,252.55476084947585,261.88581483662125,246.05199575424191,252.78953604400158,622543.2211339474
2024-04-09 15:45:00,253.20959727764128,262.3557474732399,246.84956490993497,253.44198030233383,605674.2342531681
2024-04-09 15:46:00,253.89438333511353,262.8555348992348,247.67999112606046,254.12656073272228,588954.2795240879
2024-04-09 15:47:00,254.6098998785019,263.38575074374677,248.544288277626,254.84385208785534,572372.4617600441
2024-04-09 15:48:00,255.35710408687592,263.9476987093687,249.4431948661804,255.59492890536785,555936.7007553577
2024-04-09 15:49:00,256.1366760611534,264.54195242524145,250.37726163864133,256.3803409487009,539638.551646471
2024-04-09 15:50:00,256.9494470357895,265.1692158907652,251.34745240211484,257.20081290602684,523475.6953775883
2024-04-09 15:51:00,257.7960467338562,265.830375623703,252.35441803932187,258.05721940100193,507448.1319487095
2024-04-09 15:52:00,258.6774071455002,266.52605740129945,253.3989095687866,258.9501601755619,491552.71094441414
2024-04-09 15:53:00,259.59423356056215,267.25714774131774,254.48160290718076,259.8803849071264,475788.86353969574
2024-04-09 15:54:00,260.547180891037,268.0242202728987,255.60329914093015,260.84854331612587,460155.8896422386
2024-04-09 15:55:00,261.537055182457,268.8281354397535,256.76462411880493,261.8554100692272,444653.5704731941
2024-04-09 15:56:00,262.564511346817,269.6694407969713,257.9662036895752,262.9015599191189,429281.73100948334
2024-04-09 15:57:00,263.6301539182663,270.5488403439522,259.2086386680603,263.9876175969839,414040.896320343
2024-04-09 15:58:00,264.73463780879973,271.4670120060444,260.492479801178,265.11420783400536,398932.1165442467
2024-04-09 15:59:00,265.878466796875,272.42445119023324,261.8184030056,266.28183041512966,383956.2667965889
2024-04-09 16:00:00,267.0625728726387,273.42173152565954,263.1867837905884,267.4910351037979,369115.1410639286
2024-04-09 16:01:00,268.28698122501373,274.45963523387906,264.5980978012085,268.74229669570923,354410.7302337885
2024-04-09 16:02:00,269.5524223327637,275.53842305541036,266.05284571647644,270.03601501882076,339844.89392638206
2024-04-09 16:03:00,270.85939997434616,276.6586686193943,267.5513529777527,271.3726398795843,325420.84819078445
2024-04-09 16:04:00,272.2081912279129,277.820893406868,269.0939199924469,272.7524461597204,311141.2402510643
2024-04-09 16:05:00,273.59927468299867,279.0252017140388,270.6806969642639,274.17585867643356,297009.19864475727
2024-04-09 16:06:00,275.0327259063721,280.272297540307,272.3120594024658,275.64287742972374,283028.46449017525
2024-04-09 16:07:00,276.508998298645,281.5622069597244,273.9879071712494,277.15395222604275,269202.7351498604
2024-04-09 16:08:00,278.02814223766325,282.895295009017,275.7084655761719,278.7090080976486,255536.18929982185
2024-04-09 16:09:00,279.59025847911835,284.27161383628845,277.47360944747925,280.30816999077797,242033.29002857208
2024-04-09 16:10:00,281.19549815654756,285.69131988584996,279.2832136154175,281.95128796994686,228698.41291308403
2024-04-09 16:11:00,282.8436597585678,287.15449137985706,281.13715291023254,283.63828706741333,215536.7211341858
2024-04-09 16:12:00,284.53471809625626,288.6611022442579,283.03505182266235,285.3689423799515,202552.94031500816
2024-04-09 16:13:00,286.2684464693069,290.21094388663766,284.97663497924805,287.1431289613247,189752.43053734303
2024-04-09 16:14:00,288.04459298849105,291.80393808484075,286.9613015651703,288.96027205884457,177140.55188298225
2024-04-09 16:15:00,289.8627294421196,293.4396415799856,288.98857593536377,290.81997184455395,164722.7519452572
2024-04-09 16:16:00,291.7223520517349,295.1178197056055,291.05773210525507,292.7216535657644,152504.58770692348
2024-04-09 16:17:00,293.62303260564806,296.838003128767,293.1679189205169,294.66469249129295,140491.94431900978
2024-04-09 16:18:00,295.5640154361725,298.59956607222557,295.31828522682184,296.6482389867306,128690.25843590498
2024-04-09 16:19:00,297.5445196866989,300.4018827587366,297.50780463218683,298.67146840691566,117105.49178123474
2024-04-09 16:20:00,299.56368893384933,302.24424918889997,299.73542571067804,300.733356192708,105743.33260506392
2024-04-09 16:21:00,301.6205156207085,304.1257527709007,301.9998466968536,302.8328527957201,94609.22850072384
2024-04-09 16:22:00,303.71404256820676,306.0454809129238,304.2996656894683,304.96863378584385,83708.86771827936
2024-04-09 16:23:00,305.84283400774,308.0023385047912,306.63348078727716,307.1395996361971,73048.07524457574
2024-04-09 16:24:00,308.0058068156242,309.99504791796204,308.99971485137934,309.3441260457039,62631.724378466606
2024-04-09 16:25:00,310.2014748454094,312.02259226441384,311.39661550521845,311.58076363801956,52464.96189236641
2024-04-09 16:26:00,312.4283267617226,314.0833288788795,313.8224053382873,313.84786312282085,42553.08223441243
2024-04-09 16:27:00,314.6846245288849,316.1758497625589,316.27515673637384,316.1436502635479,32900.302366912365
2024-04-09 16:28:00,316.9687812447548,318.29848617613317,318.75289201736445,318.4663008451462,23511.276809871197
2024-04-09 16:29:00,319.2788069844246,320.4496997505426,321.2533831596374,320.81371577084064,14389.724803715944
2024-04-09 16:30:00,321.61303927898405,322.6274827837944,323.77460241317743,323.1839458793402,5539.5460814237595
2024-04-09 16:31:00,323.9692363142967,324.83006224036217,326.3139963150024,325.57504200935364,-3036.125349998474
2024-04-09 16:32:00,326.3453577876091,327.05532612204547,328.86943697929377,327.9844552576542,-11334.439896047115
2024-04-09 16:33:00,328.7391115069389,329.3012406527996,331.4383459091186,330.4100115597248,-19352.848783135414
2024-04-09 16:34:00,331.14805414676664,331.5656156122684,334.01799440383905,332.84928695857525,-27089.787742495537
2024-04-09 16:35:00,333.57024616003036,333.84636507630347,336.60612940788263,335.2998824864626,-34543.626871705055
2024-04-09 16:36:00,336.0031938433647,336.14085556566715,339.1998970508575,337.7592742294073,-41713.37072700262
2024-04-09 16:37:00,338.44417679309845,338.4470011562109,341.7966187000274,340.2248383164406,-48598.82240742445
2024-04-09 16:38:00,340.8908776283264,340.76216836869713,344.3937158584594,342.6941008120775,-55200.18975287676
2024-04-09 16:39:00,343.3407522678375,343.08395839035506,346.98820948600763,345.16426292061806,-61518.27130615711
2024-04-09 16:40:00,345.7909543633461,345.4097898900509,349.5776462554931,347.63280072808266,-67553.96406054497
2024-04-09 16:41:00,348.23906577825545,347.7372640550136,352.159172296524,350.0971153527498,-73309.82772856951
2024-04-09 16:42:00,350.6827439427376,350.06366918385027,354.72995877265924,352.5545329451561,-78787.92977035046
2024-04-09 16:43:00,353.11904175281524,352.3865282416343,357.2874271869659,355.00245462358,-83991.1361888051
2024-04-09 16:44:00,355.54546550512316,354.7033381193876,359.82904911041254,357.4381065815687,-88923.25373589993
2024-04-09 16:45:00,357.9595466852188,357.01143926382065,362.35189557075495,359.85913982987404,-93587.94695734978
2024-04-09 16:46:00,360.35869083404543,359.3084850102663,364.8537135124206,362.2628805190325,-97990.12743830681
2024-04-09 16:47:00,362.74047981500627,361.591841879487,367.3319494724273,364.6470296382904,-102134.7177028656
2024-04-09 16:48:00,365.10247030258176,363.859293577075,369.78417515754694,367.00903828442097,-106027.0997107029
2024-04-09 16:49:00,367.442319726944,366.1082848459482,372.20806241035456,369.3466574251652,-109673.37739169598
2024-04-09 16:50:00,369.7578114628792,368.3364950954914,374.6012330055236,371.65788792073727,-113079.67655360699
2024-04-09 16:51:00,372.0468044519424,370.54202091991897,376.962159872055,373.94015587866306,-116253.10750901699
2024-04-09 16:52:00,374.3070820689201,372.72248958051205,379.28816437721247,376.19183699786663,-119200.21174550056
2024-04-09 16:53:00,376.53667957782744,374.8758933752775,381.5778446197509,378.41075721383095,-121928.49337756634
2024-04-09 16:54:00,378.7338085651398,377.0002506762743,383.8292980194091,380.5953172147274,-124445.56590914726
2024-04-09 16:55:00,380.8966554284096,379.0940231144428,386.04107260704035,382.7436927855015,-126759.26162302494
2024-04-09 16:56:00,383.0237592101097,381.1550204694271,388.2114911079406,384.8545345067978,-128877.34716832638
2024-04-09 16:57:00,385.11343225240705,383.18206940889354,390.3391516208648,386.92616809904575,-130808.0705076456
2024-04-09 16:58:00,387.1641884088516,385.1734751194715,392.42322802543634,388.95741906762123,-132559.5920920372
2024-04-09 16:59:00,389.1748689889908,387.1279860466718,394.4622433185577,390.94716289639473,-134140.1598840952
2024-04-09 17:00:00,391.1444664359093,389.04445493221283,396.45549654960627,392.89425007998943,-135558.0874800682
2024-04-09 17:01:00,393.07174649238584,390.9218127399683,398.4022116661071,394.7979309409857,-136821.66659832
2024-04-09 17:02:00,394.95605424642565,392.7587036192417,400.3017127513885,396.6575557589531,-137938.94830048084
2024-04-09 17:03:00,396.7966340303421,394.5547364592552,402.15342402458185,398.4721249639988,-138918.0930376053
2024-04-09 17:04:00,398.59270498752596,396.30897259414195,403.95714521408075,400.2415385991335,-139767.19562709332
2024-04-09 17:05:00,400.3438892841339,398.02094269096847,405.71230053901667,401.9651219546795,-140494.06647384167
2024-04-09 17:06:00,402.04988465309145,399.6901774168014,407.4190151691436,403.64270010590553,-141106.71288371086
2024-04-09 17:07:00,403.71031326055527,401.3165203273296,409.0772140026092,405.274223074317,-141612.13577985764
2024-04-09 17:08:00,405.3252002954483,402.89911097884175,410.6869971752166,406.85959090292454,-142018.18932294846
2024-04-09 17:09:00,406.8944701910019,404.4383926302194,412.2485399246215,408.39895352721214,-142331.63377940655
2024-04-09 17:10:00,408.4181985139847,405.93415668904777,413.76199245452875,409.89248587191105,-142559.40443873405
2024-04-09 17:11:00,409.89638526439666,407.3865335255861,415.22808074951166,411.3402629047632,-142708.37095677853
2024-04-09 17:12:00,411.3295342206955,408.7956274360418,416.6470301151275,412.74295933544636,-142784.61538553238
2024-04-09 17:13:00,412.71792246103286,410.16193382740016,418.0193161964416,414.10070011019707,-142794.21977698803
2024-04-09 17:14:00,414.06215451955796,411.48542662560936,419.3457150459289,415.4143348634243,-142743.2661831379
2024-04-09 17:15:00,415.3624570965767,412.7666533857584,420.6271278858185,416.68421344459057,-142636.93966269493
2024-04-09 17:16:00,416.6196110486984,414.0063963294029,421.86403036117554,417.9110605418682,-142480.95034360886
2024-04-09 17:17:00,417.83429647684096,415.2049422711134,423.0571484565735,419.0955258756876,-142279.8707038164
2024-04-09 17:18:00,419.00701715946195,416.3629169881344,424.20748353004456,420.2383591234684,-142038.60138952732
2024-04-09 17:19:00,420.1386295199394,417.48107662796974,425.31601190567017,421.3405848443508,-141761.75863444805
2024-04-09 17:20:00,421.2300403594971,418.5603077083826,426.38368487358093,422.4028527587652,-141452.97416746616
2024-04-09 17:21:00,422.2820053458214,419.6008188217878,427.41132855415344,423.4260624796152,-141116.5798097849
2024-04-09 17:22:00,423.2953809022904,420.60399189293383,428.3997690677643,424.41121357679367,-140756.03226721287
2024-04-09 17:23:00,424.27097307443626,421.57034840285775,429.35033321380615,425.3591057062149,-140374.91951286793
2024-04-09 17:24:00,425.2097390413285,422.5008791655302,430.26394724845886,426.27081340551376,-139976.12942755222
2024-04-09 17:25:00,426.1128123044968,423.3963403284549,431.14163756370544,427.1471613198519,-139562.9218161106
2024-04-09 17:26:00,426.9809737205506,424.25769663155074,431.9843804836273,427.9893489331007,-139137.81263530254
2024-04-09 17:27:00,427.81525603532793,425.08591281473633,432.79332756996155,428.79827585816383,-138702.9896736145
2024-04-09 17:28:00,428.6165408611298,425.88192754387853,433.5693550109863,429.5747417509556,-138261.1876666546
2024-04-09 17:29:00,429.38581056594853,426.64652304053305,434.31373953819275,430.3199211061001,-137814.22247886658
2024-04-09 17:30:00,430.12427421808246,427.38050760030745,435.02718210220337,431.0348134934902,-137364.0631198883
2024-04-09 17:31:00,430.83258672952655,428.085289222002,435.7111096382141,431.7202435582876,-136912.3723089695
2024-04-09 17:32:00,431.51183122396475,428.76141546070573,436.36627316474915,432.37743577361107,-136460.94403266907
2024-04-09 17:33:00,432.1631160140038,429.4097989082336,436.99382424354553,433.00696489214897,-136010.87218523026
2024-04-09 17:34:00,432.78714638948446,430.03153467476363,437.5943636894226,433.6101803332567,-135563.79760801792
2024-04-09 17:35:00,433.3850306630135,430.62735283374786,438.1692683696747,434.18778179585934,-135120.61729431152
2024-04-09 17:36:00,433.95744893550875,431.1981138288975,438.7194895744324,434.74071887135506,-134682.27199316025
2024-04-09 17:37:00,434.5056606531144,431.74493884444234,439.2456781864166,435.2697912156582,-134249.6368199587
2024-04-09 17:38:00,435.0303459167481,432.2682972133159,439.7489356994629,435.77617332339287,-133823.8494247198
2024-04-09 17:39:00,435.5321848273278,432.76959693431854,440.2298879623413,436.2604149580002,-133404.95356321335
2024-04-09 17:40:00,436.0124620199204,433.24915089607236,440.68973660469055,436.72354067862034,-132994.0650075674
2024-04-09 17:41:00,436.4717064619065,433.7078716903925,441.1291575431824,437.1662002056837,-132591.4900481701
2024-04-09 17:42:00,436.9106738209725,434.1466979831457,441.54900193214417,437.58936811983585,-132197.40370810032
2024-04-09 17:43:00,437.33034646511084,434.56635984778404,441.9500708580017,437.99381908774376,-131812.70298063755
2024-04-09 17:44:00,437.7315304398537,434.9675091356039,442.33301520347595,438.38015285134315,-131437.27847635746
2024-04-09 17:45:00,438.1147043347359,435.3510323643684,442.69861102104187,438.74926902353764,-131071.19582891464
2024-04-09 17:46:00,438.4808757066727,435.7174770891666,443.04775953292847,439.1017173677683,-130715.08949697018
2024-04-09 17:47:00,438.8304727673531,436.06759945750235,443.38096141815186,439.4382975399494,-130368.76257956028
2024-04-09 17:48:00,439.16442750692374,436.40202524662016,443.6988425254822,439.75948433578014,-130032.28071033955
2024-04-09 17:49:00,439.48319332599647,436.7213280856609,444.00227904319763,440.0662023574114,-129705.77515661716
2024-04-09 17:50:00,439.787475514412,437.0262901961803,444.2916464805603,440.3588764220476,-129389.15840685368
2024-04-09 17:51:00,440.0779037952424,437.3173809111118,444.567745923996,440.63820622861385,-129082.45233893394
2024-04-09 17:52:00,440.35510789155967,437.59535637795926,444.83105301856995,440.9046415835619,-128785.61319708824
2024-04-09 17:53:00,440.61964195966726,437.86058163344865,445.08216857910156,441.15885719656944,-128498.247179389
2024-04-09 17:54:00,440.8720097780228,438.11368245482447,445.32169342041016,441.40125289559364,-128220.68245410919
2024-04-09 17:55:00,441.1125388026238,438.3552585452795,445.5498278141022,441.6324784010649,-127952.48146355152
2024-04-09 17:56:00,441.34208545684817,438.5855967193842,445.7674980163574,441.85288356244564,-127693.73171925545
2024-04-09 17:57:00,441.56085125207903,438.8054531246424,445.97495436668396,442.06316807866096,-127444.17068660259
2024-04-09 17:58:00,441.7697178006173,439.0150885015726,446.17254734039307,442.2635318636894,-127203.18578481674
2024-04-09 17:59:00,441.96850878000265,439.21499825716023,446.3609278202057,442.45467461645603,-126971.21457159519
2024-04-09 18:00:00,442.158332502842,439.4054952800274,446.5404212474823,442.6367462724447,-126747.64446616173
2024-04-09 18:01:00,442.33913859128955,439.5872314214707,446.7114782333374,442.81027160584927,-126532.43171274662
2024-04-09 18:02:00,442.51140563488013,439.7604152739048,446.8745243549347,442.97567543387413,-126325.33565461636
2024-04-09 18:03:00,442.6757129788399,439.925568318367,447.0296847820282,443.1332576274872,-126126.33441388607
2024-04-09 18:04:00,442.8321613788605,440.08295129537584,447.1776354312897,443.2833180576563,-125934.90292131901
2024-04-09 18:05:00,442.98138055801394,440.2329292416573,447.31850147247314,443.4264564663172,-125750.93178749084
2024-04-09 18:06:00,443.1234964609147,440.3760497123003,447.4526333808899,443.5628477782011,-125574.35537874699
2024-04-09 18:07:00,443.25883654356005,440.51226055920125,447.5804316997528,443.6925419718027,-125404.56111431122
2024-04-09 18:08:00,443.3878542065621,440.64195289313795,447.70207166671753,443.81626373529434,-125241.68026149273
2024-04-09 18:09:00,443.51062501668935,440.76564819514755,447.81800389289856,443.9340380579233,-125085.58155298233
2024-04-09 18:10:00,443.6277283191681,440.8833986133337,447.9283535480499,444.04621478915215,-124935.47738492489
2024-04-09 18:11:00,443.7391137361527,440.9956474065781,448.0334210395813,444.153193756938,-124791.69592559338
2024-04-09 18:12:00,443.84533542394644,441.10273353755474,448.13350677490234,444.2547500580549,-124654.06215190887
2024-04-09 18:13:00,443.94641857147224,441.204422339797,448.2288360595703,444.3518082946539,-124521.83221578598
2024-04-09 18:14:00,444.04269063472753,441.30144388675694,448.3193838596344,444.4440186172724,-124395.3780412674
2024-04-09 18:15:00,444.1343783140183,441.39387640059,448.40577602386475,444.5318558216095,-124274.1526812315
2024-04-09 18:16:00,444.2218594431878,441.4818241775036,448.4878623485565,444.6153948754072,-124158.17801356316
2024-04-09 18:17:00,444.3048065662384,441.56552188396455,448.56624364852905,444.69506059587,-124047.08211421967
2024-04-09 18:18:00,444.3840005397797,441.6453606307507,448.6406195163727,444.77092795073986,-123940.7555937767
2024-04-09 18:19:00,444.45929023027423,441.72115789949896,448.71156573295593,444.843171864748,-123838.91403973103
2024-04-09 18:20:00,444.5310030937195,441.7936437636614,448.77890706062317,444.91179233789444,-123741.55745208263
2024-04-09 18:21:00,444.59931545257575,441.86253140866756,448.8431441783905,444.97718919813633,-123648.55456352234
2024-04-09 18:22:00,444.6643784403801,441.9279772788286,448.90432715415955,445.03943741321564,-123559.35842692852
2024-04-09 18:23:00,444.7262928128243,441.9905028551817,448.9624559879303,445.0987868756056,-123474.27533268929
2024-04-09 18:24:00,444.78526008129126,442.049899545312,449.01785612106323,445.1551876068115,-123392.97711253166
2024-04-09 18:25:00,444.8413054347039,442.10645416378975,449.07052755355835,445.208914488554,-123315.11372029781
2024-04-09 18:26:00,444.89463038444524,442.1605056732893,449.1206955909729,445.260042488575,-123240.90393483639
2024-04-09 18:27:00,444.94551200866704,442.21176725924016,449.1684103012085,445.30877152085304,-123169.86644268036
2024-04-09 18:28:00,444.9939251184464,442.2605518102646,449.21382188796997,445.35505160689354,-123102.06687748432
2024-04-09 18:29:00,445.03994528055193,442.30696362257004,449.25708055496216,445.3990576714277,-123037.22082674503
2024-04-09 18:30:00,445.08367325067525,442.3512634366751,449.29818630218506,445.4411145746708,-122975.30641257763
2024-04-09 18:31:00,445.12556242942816,442.39332088232044,449.3373143672943,445.48102240264416,-122916.25800132751
2024-04-09 18:32:00,445.1651846051217,442.43344884812836,449.37458992004395,445.519106015563,-122859.83493626118
2024-04-09 18:33:00,445.20299317836765,442.47156911194327,449.4101130962372,445.5553154349327,-122805.8621942997
2024-04-09 18:34:00,445.23896296024327,442.5078120440245,449.4438338279724,445.5896256715059,-122754.64606583118
2024-04-09 18:35:00,445.2733206510544,442.54251660704614,449.47582721710205,445.62226162850857,-122705.42082488537
2024-04-09 18:36:00,445.30578917264944,442.57531776428226,449.50639367103577,445.6535231769085,-122658.62402915955
2024-04-09 18:37:00,445.3367463588715,442.6065544784069,449.535608291626,445.68313543498516,-122613.99314403534
2024-04-09 18:38:00,445.3662677764893,442.63640926778316,449.563170671463,445.7113732844591,-122571.33126854897
2024-04-09 18:39:00,445.39442899227146,442.664699614048,449.58948135375977,445.7382617145777,-122530.68215847015
2024-04-09 18:40:00,445.42102849483496,442.6918427020312,449.6144902706146,445.76382571458817,-122491.91454648972
2024-04-09 18:41:00,445.44644411802295,442.7174213469029,449.6382975578308,445.7881652414799,-122454.83153164387
2024-04-09 18:42:00,445.4705499172211,442.74185273349286,449.66102838516235,445.8111803382635,-122419.54250335693
2024-04-09 18:43:00,445.4936229705811,442.76503256559374,449.6825075149536,445.83327083289623,-122385.8068048954
2024-04-09 18:44:00,445.5155373334885,442.7871955096722,449.70301032066345,445.8541618436575,-122353.82133722305
2024-04-09 18:45:00,445.5363937616349,442.80823726952076,449.7226619720459,445.8741032630205,-122323.12666475773
2024-04-09 18:46:00,445.55606631040575,442.8282360672951,449.7412371635437,445.893070101738,-122294.02907788754
2024-04-09 18:47:00,445.5750839471817,442.84724405109887,449.7588860988617,445.9111123383045,-122266.15665256977
2024-04-09 18:48:00,445.59304364919666,442.86549588739877,449.7755837440491,445.92822997272015,-122239.5969003439
2024-04-09 18:49:00,445.6101217389107,442.8826265394688,449.7916305065155,445.94462291896343,-122214.37169909477
2024-04-09 18:50:00,445.62624264955525,442.8990531921387,449.80687618255615,445.9600662738085,-122190.26226997375
2024-04-09 18:51:00,445.6417842149735,442.9147497713566,449.82139587402344,445.97485990822315,-122167.29049086571
2024-04-09 18:52:00,445.6563937902451,442.9295859068632,449.83516454696655,445.9889538437128,-122145.43448388577
2024-04-09 18:53:00,445.67039883136755,442.9437962651253,449.84805703163147,446.0022731125355,-122124.49734807014
2024-04-09 18:54:00,445.68362301588064,442.9571201056242,449.8605740070343,446.0150676071644,-122104.65410649776
2024-04-09 18:55:00,445.69649455547335,442.9698963910341,449.872465133667,446.0271873921156,-122085.70785820484
2024-04-09 18:56:00,445.70845929384234,442.98233371376995,449.88375544548035,446.0387574136257,-122067.59296953678
2024-04-09 18:57:00,445.7199706315995,442.993806296587,449.89446997642517,446.0497276932001,-122050.39695203304
2024-04-09 18:58:00,445.73082705736164,443.0048616945744,449.9047088623047,446.06017319858074,-122034.11980569363
2024-04-09 18:59:00,445.74125527143485,443.01536953747274,449.9144971370697,446.07011891901493,-122018.36772859097
2024-04-09 19:00:00,445.7512804627419,443.02532982528214,449.923734664917,446.0796898007393,-122003.60015630722
2024-04-09 19:01:00,445.7605499863625,443.0349511504173,449.9325215816498,446.08848601579666,-121989.55455422401
2024-04-09 19:02:00,445.7695424318314,443.04379025399686,449.9409580230713,446.09705732762814,-121975.90275406837
2024-04-09 19:03:00,445.7779807209969,443.0524468392134,449.94876861572266,446.10520382225513,-121963.21358084679
2024-04-09 19:04:00,445.78604117631915,443.06066016554837,449.95645403862,446.11290051043034,-121950.78694224358
2024-04-09 19:05:00,445.793774175644,443.0685084551573,449.9635887145996,446.1202973276377,-121939.27917480469
2024-04-09 19:06:00,445.8011545300484,443.0758874118328,449.97042298316956,446.12729431688786,-121928.23084294796
2024-04-09 19:07:00,445.80808148384097,443.08290133178235,449.9769067764282,446.1340164244175,-121917.62006878853
2024-04-09 19:08:00,445.8146557927132,443.08957628905773,449.9830400943756,446.14018876850605,-121907.55624175072
2024-04-09 19:09:00,445.8209278345108,443.0959905058146,449.98892307281494,446.1462111771107,-121898.06123971939
2024-04-09 19:10:00,445.82699836492543,443.1020918339491,449.99463081359863,446.15193371474743,-121888.80689442158
2024-04-09 19:11:00,445.83274143934256,443.10777597725394,449.99996304512024,446.1574313491583,-121880.20888566971
2024-04-09 19:12:00,445.83823262453086,443.1133297502995,450.0049698352814,446.16280403733253,-121871.96092307568
2024-04-09 19:13:00,445.8434971094132,443.1186488568783,450.0099015235901,446.16767694056034,-121863.93173933029
2024-04-09 19:14:00,445.84820743799213,443.1235507786274,450.01450777053833,446.17242489755154,-121856.55889213085
2024-04-09 19:15:00,445.85301852226263,443.1284005522728,450.0188887119293,446.17684799432755,-121849.3173122406
2024-04-09 19:16:00,445.85750215053565,443.1328331410885,450.02306938171387,446.1811211556196,-121842.46953427792
2024-04-09 19:17:00,445.8616079449654,443.13710928559306,450.0271248817444,446.1851944029331,-121836.14682555199
2024-04-09 19:18:00,445.8656633615494,443.14135935604577,450.0308299064636,446.1890427470207,-121829.97726202011
2024-04-09 19:19:00,445.86954245567324,443.1450879454613,450.03440976142883,446.1926661878824,-121824.02647733688
2024-04-09 19:20:00,445.8731444716454,443.14873831272126,450.0377893447876,446.19618967175484,-121818.53512823582
2024-04-09 19:21:00,445.8765701651574,443.1523104578257,450.04106879234314,446.1995132416487,-121813.24068009853
2024-04-09 19:22:00,445.87984472513205,443.15556971430783,450.04417300224304,446.20263689756393,-121808.05562138557
2024-04-09 19:23:00,445.88291777372365,443.15875074863436,450.0469768047333,446.20571057498455,-121803.24248671532
2024-04-09 19:24:00,445.88599082231525,443.1618014127016,450.0498056411743,446.20845939219,-121798.67000877857
2024-04-09 19:25:00,445.8887867927552,443.16474778056147,450.05255937576294,446.2111832201481,-121794.0537750721
2024-04-09 19:26:00,445.89145681858065,443.16748555600645,450.0549876689911,446.213657155633,-121789.91885483265
2024-04-09 19:27:00,445.8940512776375,443.1700668871403,450.0573658943176,446.2161560803652,-121785.98083555698
2024-04-09 19:28:00,445.89649460315707,443.172491773963,450.05959391593933,446.2185550481081,-121782.08657205105
2024-04-09 19:29:00,445.89881198406226,443.17476021647457,450.06184697151184,446.2208040803671,-121778.58611047268
2024-04-09 19:30:00,445.9011041760445,443.1771068811417,450.0638747215271,446.2229781448841,-121775.17316043377
2024-04-09 19:31:00,445.9032452344895,443.17919280529026,450.06585240364075,446.2249023169279,-121771.91335558891
2024-04-09 19:32:00,445.90513440370563,443.18125265538697,450.0677299499512,446.2268264889717,-121768.82857382298
2024-04-09 19:33:00,445.9071747064591,443.18318213522434,450.0695073604584,446.22857573628426,-121765.89693725109
2024-04-09 19:34:00,445.9088875532151,443.18490302264695,450.0713348388672,446.23037496209145,-121763.05281221867
2024-04-09 19:35:00,445.91060039997103,443.1867542803288,450.0727617740631,446.23197427392006,-121760.42746603489
2024-04-09 19:36:00,445.91226286888127,443.18839694559574,450.07431387901306,446.233523607254,-121757.91150927544
2024-04-09 19:37:00,445.9137993931771,443.18996138870716,450.0758409500122,446.2351728975773,-121755.59245347977
2024-04-09 19:38:00,445.91531072855,443.19157797992233,450.07731795310974,446.2366472631693,-121753.18588614464
2024-04-09 19:39:00,445.91682206392295,443.1928816825152,450.07866978645325,446.238021671772,-121750.8449524641
2024-04-09 19:40:00,445.9182578325272,443.19428968131547,450.0798213481903,446.2392461448908,-121748.919698596
2024-04-09 19:41:00,445.9195676565171,443.1955673098564,450.0810730457306,446.2405205965042,-121746.81942164898
2024-04-09 19:42:00,445.9207515358925,443.1969753086567,450.08227467536926,446.241745069623,-121744.98167932034
2024-04-09 19:43:00,445.9219606041909,443.1981225669384,450.08345127105713,446.2428695857525,-121743.25332641602
2024-04-09 19:44:00,445.92306891679766,443.19932197332383,450.08450269699097,446.2438191771507,-121741.63436293602
2024-04-09 19:45:00,445.9241772294045,443.2002345651388,450.0855040550232,446.2448187470436,-121739.94976580143
2024-04-09 19:46:00,445.9251595973969,443.2012253791094,450.0863802433014,446.24576833844185,-121738.63709270954
2024-04-09 19:47:00,445.9260160207749,443.20224226713185,450.0872313976288,446.24679289758205,-121736.93061769009
2024-04-09 19:48:00,445.9269731998444,443.20312878489494,450.088107585907,446.2477424889803,-121735.70545613766
2024-04-09 19:49:00,445.9278296232224,443.2040153026581,450.08875846862793,446.24846717715263,-121734.28339362144
2024-04-09 19:50:00,445.9286608576775,443.2047975242138,450.0895094871521,446.24914188683033,-121732.97072052956
2024-04-09 19:51:00,445.9293157696724,443.205501523614,450.09023547172546,446.24986657500267,-121731.78931474686
2024-04-09 19:52:00,445.9299706816674,443.2062055230141,450.0908863544464,446.2504913061857,-121730.60790896416
2024-04-09 19:53:00,445.93070116043094,443.2069355964661,450.09151220321655,446.2511660158634,-121729.57964837551
2024-04-09 19:54:00,445.93125531673434,443.2077178180218,450.0921881198883,446.2518157362938,-121728.48575413227
2024-04-09 19:55:00,445.93196060657505,443.2083175212145,450.0927138328552,446.25244046747684,-121727.43561565876
2024-04-09 19:56:00,445.93256514072425,443.2088911503554,450.09333968162537,446.25299023091793,-121726.66988968849
2024-04-09 19:57:00,445.9331444859505,443.2093865573406,450.0939655303955,446.253539994359,-121725.70726275444
2024-04-09 19:58:00,445.93377420902254,443.2099601864815,450.09441614151,446.2539898008108,-121724.87590312958
2024-04-09 19:59:00,445.9341520428658,443.2105598896742,450.0948417186737,446.25458954274654,-121724.1758108139
2024-04-09 20:00:00,445.934756577015,443.21110744476323,450.09539246559143,446.25503934919834,-121723.3663290739
2024-04-09 20:01:00,445.9352603554726,443.21160285174847,450.09584307670593,446.2554641664028,-121722.57872521877
2024-04-09 20:02:00,445.9356633782387,443.2119678884745,450.0962436199188,446.2559139728546,-121721.90051078796
2024-04-09 20:03:00,445.93606640100484,443.2124893695116,450.0965940952301,446.25641375780106,-121721.17854058743
2024-04-09 20:04:00,445.9365449905396,443.2129065543413,450.0970447063446,446.2568135857582,-121720.54408192635
2024-04-09 20:05:00,445.9369228243828,443.2132715910673,450.0974452495575,446.25718842446804,-121719.97525691986
2024-04-09 20:06:00,445.9371747136116,443.2136627018452,450.09774565696716,446.2575132846832,-121719.4501876831
2024-04-09 20:07:00,445.93747698068626,443.2138973683119,450.098021030426,446.25778816640377,-121718.88136267662
2024-04-09 20:08:00,445.9378044366837,443.21423633098607,450.0982964038849,446.25808803737164,-121718.35629343987
2024-04-09 20:09:00,445.93813189268116,443.214601367712,450.09862184524536,446.2583879083395,-121717.9624915123
2024-04-09 20:10:00,445.9383334040642,443.2148881822825,450.09892225265503,446.25868777930737,-121717.37178862095
2024-04-09 20:11:00,445.9386356711388,443.21512284874916,450.0991725921631,446.25888769328594,-121716.91235303879
2024-04-09 20:12:00,445.93886237144477,443.2153575152159,450.0992977619171,446.2589626610279,-121716.58418476582
2024-04-09 20:13:00,445.93901350498203,443.2155921816826,450.09947299957275,446.25923754274845,-121716.05911552906
2024-04-09 20:14:00,445.9393157720566,443.21569647789005,450.0997233390808,446.2594124674797,-121715.73094725609
2024-04-09 20:15:00,445.9394669055939,443.21590507030487,450.09982347488403,446.2596123814583,-121715.33714532852
2024-04-09 20:16:00,445.939668416977,443.2160875886679,450.0999987125397,446.25978730618954,-121715.00897705555
2024-04-09 20:17:00,445.93981955051424,443.2163222551346,450.1001989841461,446.25991225242615,-121714.7901982069
2024-04-09 20:18:00,445.93999587297446,443.216426551342,450.10034918785095,446.2601121664047,-121714.39639627934
2024-04-09 20:19:00,445.9401470065117,443.21660906970504,450.100474357605,446.2603370696306,-121714.11198377609
2024-04-09 20:20:00,445.94027295112613,443.21689588427546,450.1006746292114,446.26046201586723,-121713.82757127285
2024-04-09 20:21:00,445.9404996514321,443.21697410643105,450.10074973106384,446.2606369405985,-121713.56503665447
2024-04-09 20:22:00,445.94065078496936,443.2171305507422,450.1008999347687,446.2607868760824,-121713.28062415123
2024-04-09 20:23:00,445.9408271074295,443.21739129126075,450.10115027427673,446.26091182231903,-121712.97433376312
2024-04-09 20:24:00,445.94110418558125,443.2175477355719,450.1013255119324,446.26116171479225,-121712.8649443388
2024-04-09 20:25:00,445.9413056969643,443.21767810583117,450.101500749588,446.26138661801815,-121712.53677606583
2024-04-09 20:26:00,445.9414820194245,443.21793884634974,450.10162591934204,446.26151156425476,-121712.44926452637
2024-04-09 20:27:00,445.9416331529618,443.2180431425572,450.1018011569977,446.2616614997387,-121712.29611933231
2024-04-09 20:28:00,445.9417339086533,443.21817351281646,450.1019263267517,446.2618114352226,-121712.0554625988
2024-04-09 20:29:00,445.9418346643448,443.21835603117944,450.10210156440735,446.26193638145924,-121711.85856163502
2024-04-09 20:30:00,445.9419354200364,443.2185385495425,450.10217666625977,446.2621113061905,-121711.55227124691
2024-04-09 20:31:00,445.94213693141944,443.21864284574986,450.1023519039154,446.2622362524271,-121711.3116145134
2024-04-09 20:32:00,445.94226287603385,443.21877321600914,450.1024270057678,446.2624361664057,-121711.15846931934
2024-04-09 20:33:00,445.94246438741686,443.21885143816473,450.10250210762024,446.26253612339497,-121710.89593470097
2024-04-09 20:34:00,445.9425651431084,443.21900788247586,450.10260224342346,446.2627110481262,-121710.67715585232
2024-04-09 20:35:00,445.94269108772284,443.2191904008389,450.1027524471283,446.26283599436283,-121710.65527796745
2024-04-09 20:36:00,445.94281703233725,443.2193207710982,450.1028275489807,446.2629109621048,-121710.48025488853
2024-04-09 20:37:00,445.9428422212601,443.21942506730556,450.10295271873474,446.26298592984676,-121710.41462123394
2024-04-09 20:38:00,445.9428925991059,443.219529363513,450.10302782058716,446.2630359083414,-121710.26147603989
2024-04-09 20:39:00,445.94304373264316,443.21958151161675,450.10305285453796,446.2631358653307,-121710.17396450043
2024-04-09 20:40:00,445.9431192994118,443.2196597337723,450.103178024292,446.26321083307266,-121709.93330776691
2024-04-09 20:41:00,445.9431948661805,443.21971188187604,450.1032531261444,446.26328580081463,-121709.86767411232
2024-04-09 20:42:00,445.94324524402623,443.21976402997973,450.103303194046,446.2633607685566,-121709.71452891827
2024-04-09 20:43:00,445.943295621872,443.2198161780834,450.1033282279968,446.2634607255459,-121709.58326160908
2024-04-09 20:44:00,445.94337118864064,443.2198422521353,450.1033282279968,446.2634857147932,-121709.58326160908
2024-04-09 20:45:00,445.94334599971774,443.21986832618717,450.10337829589844,446.2635107040405,-121709.49575006962
2024-04-09 20:46:00,445.94337118864064,443.21986832618717,450.10342836380005,446.26353569328785,-121709.3863606453
2024-04-09 20:47:00,445.9434215664864,443.21992047429086,450.10347843170166,446.2636106610298,-121709.40823853016
2024-04-09 20:48:00,445.94347194433215,443.21999869644645,450.10350346565247,446.26363565027714,-121709.34260487556
2024-04-09 20:49:00,445.94352232217796,443.22005084455014,450.1035785675049,446.2636856287718,-121709.3207269907
2024-04-09 20:50:00,445.94359788894656,443.22012906670574,450.1036536693573,446.2637106180191,-121709.29884910583
2024-04-09 20:51:00,445.94364826679237,443.2202072888613,450.1036536693573,446.2637356072664,-121709.14570391178
2024-04-09 20:52:00,445.94372383356097,443.2202333629132,450.1036787033081,446.2638105750084,-121709.10194814205
2024-04-09 20:53:00,445.9437742114068,443.220259436965,450.1037538051605,446.2638105750084,-121709.03631448746
2024-04-09 20:54:00,445.9437994003296,443.22028551101687,450.1037538051605,446.2639105319977,-121708.97068083286
2024-04-09 20:55:00,445.94382458925253,443.22033765912056,450.10380387306213,446.26388554275036,-121708.86129140854
2024-04-09 20:56:00,445.9438497781754,443.22036373317246,450.10380387306213,446.263935521245,-121708.79565775394
2024-04-09 20:57:00,445.94392534494403,443.22041588127615,450.10387897491455,446.2639605104923,-121708.73002409935
2024-04-09 20:58:00,445.9439757227898,443.2205201774836,450.10390400886536,446.26401048898697,-121708.62063467503
2024-04-09 20:59:00,445.94407647848135,443.2205201774836,450.1039791107178,446.26401048898697,-121708.64251255989
2024-04-09 21:00:00,445.94407647848135,443.2205723255873,450.1040041446686,446.2640354782343,-121708.55500102043
2024-04-09 21:01:00,445.9441016674042,443.2205723255873,450.1040291786194,446.2640354782343,-121708.46748948097
2024-04-09 21:02:00,445.94415204525,443.22054625153544,450.1040542125702,446.26408545672894,-121708.44561159611
2024-04-09 21:03:00,445.94415204525,443.22062447369103,450.104079246521,446.2641354352236,-121708.53312313557
2024-04-09 21:04:00,445.94415204525,443.2206505477429,450.1041042804718,446.2641604244709,-121708.53312313557
2024-04-09 21:05:00,445.94415204525,443.2206766217947,450.1041042804718,446.2641604244709,-121708.55500102043
2024-04-09 21:06:00,445.94417723417286,443.2206766217947,450.1041293144226,446.2641604244709,-121708.5112452507
2024-04-09 21:07:00,445.94417723417286,443.2206505477429,450.1041293144226,446.2641354352236,-121708.46748948097
2024-04-09 21:08:00,445.94417723417286,443.2206766217947,450.1041293144226,446.2641354352236,-121708.37997794151
2024-04-09 21:09:00,445.94417723417286,443.2206505477429,450.1041293144226,446.2641604244709,-121708.42373371124
2024-04-09 21:10:00,445.94417723417286,443.2206766217947,450.1041543483734,446.2641604244709,-121708.44561159611
2024-04-09 21:11:00,445.94417723417286,443.2206766217947,450.1041293144226,446.2641854137182,-121708.42373371124
2024-04-09 21:12:00,445.94417723417286,443.22070269584657,450.1041293144226,446.2641854137182,-121708.40185582638
2024-04-09 21:13:00,445.94420242309576,443.2206766217947,450.1041543483734,446.26421040296555,-121708.35810005665
2024-04-09 21:14:00,445.9442276120186,443.2206766217947,450.1041543483734,446.2641854137182,-121708.42373371124
2024-04-09 21:15:00,445.94417723417286,443.2206766217947,450.1041293144226,446.2641604244709,-121708.42373371124
2024-04-09 21:16:00,445.94417723417286,443.2206766217947,450.1041543483734,446.2641604244709,-121708.35810005665
2024-04-09 21:17:00,445.94417723417286,443.22070269584657,450.1041543483734,446.2641604244709,-121708.42373371124
2024-04-09 21:18:00,445.94420242309576,443.22070269584657,450.1041543483734,446.26421040296555,-121708.37997794151
2024-04-09 21:19:00,445.9442276120186,443.22070269584657,450.1041543483734,446.26421040296555,-121708.33622217178
2024-04-09 21:20:00,445.94417723417286,443.2207287698984,450.1041543483734,446.2641854137182,-121708.33622217178
2024-04-09 21:21:00,445.94420242309576,443.2207287698984,450.1041543483734,446.2641604244709,-121708.35810005665
2024-04-09 21:22:00,445.94420242309576,443.22070269584657,450.1041543483734,446.2641854137182,-121708.24871063232
2024-04-09 21:23:00,445.94420242309576,443.22070269584657,450.1041793823242,446.2641604244709,-121708.22683274746
2024-04-09 21:24:00,445.9442276120186,443.2207548439503,450.104204416275,446.2641854137182,-121708.27058851719
2024-04-09 21:25:00,445.9442276120186,443.2207548439503,450.104204416275,446.26423539221287,-121708.27058851719
2024-04-09 21:26:00,445.9442779898644,443.2207548439503,450.104204416275,446.26421040296555,-121708.2049548626
2024-04-09 21:27:00,445.9442276120186,443.2207548439503,450.104204416275,446.26421040296555,-121708.18307697773
2024-04-09 21:28:00,445.9442528009415,443.220806992054,450.10422945022583,446.26421040296555,-121708.2049548626
2024-04-09 21:29:00,445.94432836771017,443.220806992054,450.10422945022583,446.2642853707075,-121708.18307697773
2024-04-09 21:30:00,445.94430317878727,443.22083306610585,450.10425448417664,446.26431035995483,-121708.2049548626
2024-04-09 21:31:00,445.94430317878727,443.220806992054,450.10427951812744,446.26433534920216,-121708.139321208
2024-04-09 21:32:00,445.94432836771017,443.2208591401577,450.10435461997986,446.2643603384495,-121708.18307697773
2024-04-09 21:33:00,445.94432836771017,443.2208852142096,450.1044297218323,446.2643853276968,-121708.139321208
2024-04-09 21:34:00,445.944353556633,443.2209373623133,450.1044297218323,446.2644103169441,-121708.09556543827
2024-04-09 21:35:00,445.9443787455559,443.2209373623133,450.1044547557831,446.2644103169441,-121708.0736875534
2024-04-09 21:36:00,445.9444039344788,443.22096343636514,450.1044547557831,446.26443530619144,-121708.09556543827
2024-04-09 21:37:00,445.9444543123246,443.220989510417,450.1044547557831,446.26443530619144,-121708.05180966854
2024-04-09 21:38:00,445.9444543123246,443.2210155844689,450.1044797897339,446.26443530619144,-121708.02993178368
2024-04-09 21:39:00,445.9444543123246,443.22096343636514,450.1044547557831,446.26443530619144,-121708.09556543827
2024-04-09 21:40:00,445.94447950124743,443.220989510417,450.1044547557831,446.26443530619144,-121708.02993178368
2024-04-09 21:41:00,445.94447950124743,443.22096343636514,450.1044547557831,446.26446029543877,-121708.05180966854
2024-04-09 21:42:00,445.9444543123246,443.2210155844689,450.1044297218323,446.2644852846861,-121708.05180966854
2024-04-09 21:43:00,445.94447950124743,443.22096343636514,450.1044547557831,446.2644852846861,-121708.139321208
2024-04-09 21:44:00,445.94447950124743,443.220989510417,450.1044797897339,446.26446029543877,-121708.0736875534
2024-04-09 21:45:00,445.94447950124743,443.220989510417,450.1044797897339,446.2644852846861,-121708.11744332314
2024-04-09 21:46:00,445.94447950124743,443.220989510417,450.1044797897339,446.26446029543877,-121708.139321208
2024-04-09 21:47:00,445.94447950124743,443.220989510417,450.1045048236847,446.26446029543877,-121708.16119909286
2024-04-09 21:48:00,445.94450469017033,443.2210155844689,450.1044547557831,446.26446029543877,-121708.139321208
2024-04-09 21:49:00,445.9444543123246,443.220989510417,450.1045048236847,446.26446029543877,-121708.16119909286
2024-04-09 21:50:00,445.94447950124743,443.220989510417,450.1044797897339,446.26446029543877,-121708.139321208
2024-04-09 21:51:00,445.94447950124743,443.22096343636514,450.1044547557831,446.2644852846861,-121708.0736875534
2024-04-09 21:52:00,445.94447950124743,443.220989510417,450.1044547557831,446.26446029543877,-121708.16119909286
2024-04-09 21:53:00,445.94447950124743,443.220989510417,450.1044797897339,446.26446029543877,-121708.16119909286
2024-04-09 21:54:00,445.94447950124743,443.2210155844689,450.1044547557831,446.26446029543877,-121708.18307697773
2024-04-09 21:55:00,445.94447950124743,443.22096343636514,450.1044547557831,446.26446029543877,-121708.139321208
2024-04-09 21:56:00,445.94447950124743,443.220989510417,450.1044797897339,446.26446029543877,-121708.18307697773
2024-04-09 21:57:00,445.94447950124743,443.22104165852073,450.1044797897339,446.2644852846861,-121708.18307697773
2024-04-09 21:58:00,445.9444543123246,443.2210155844689,450.1045048236847,446.2644852846861,-121708.18307697773
2024-04-09 21:59:00,445.94447950124743,443.2210155844689,450.1044797897339,446.26446029543877,-121708.16119909286
2024-04-09 22:00:00,445.94450469017033,443.22104165852073,450.1045048236847,446.2644852846861,-121708.18307697773
2024-04-09 22:01:00,445.94450469017033,443.2210155844689,450.1045048236847,446.2644852846861,-121708.22683274746
2024-04-09 22:02:00,445.94447950124743,443.220989510417,450.1045048236847,446.2644852846861,-121708.11744332314
2024-04-09 22:03:00,445.94447950124743,443.220989510417,450.1045048236847,446.26446029543877,-121708.18307697773
2024-04-09 22:04:00,445.94450469017033,443.22096343636514,450.1044797897339,446.2644852846861,-121708.18307697773
2024-04-09 22:05:00,445.94447950124743,443.220989510417,450.1044797897339,446.26446029543877,-121708.11744332314
2024-04-09 22:06:00,445.9444543123246,443.220989510417,450.1044797897339,446.26446029543877,-121708.16119909286
2024-04-09 22:07:00,445.94447950124743,443.220989510417,450.1044797897339,446.26446029543877,-121708.11744332314
2024-04-09 22:08:00,445.94447950124743,443.2210155844689,450.1044797897339,446.2644852846861,-121708.16119909286
2024-04-09 22:09:00,445.94447950124743,443.2210155844689,450.1044547557831,446.2644852846861,-121708.16119909286
2024-04-09 22:10:00,445.9444543123246,443.2210155844689,450.1044797897339,446.26446029543877,-121708.2049548626
2024-04-09 22:11:00,445.9444543123246,443.2210155844689,450.1045048236847,446.26446029543877,-121708.18307697773
2024-04-09 22:12:00,445.9444543123246,443.2210155844689,450.1044797897339,446.26446029543877,-121708.139321208
2024-04-09 22:13:00,445.94450469017033,443.220989510417,450.1044797897339,446.2644852846861,-121708.09556543827
2024-04-09 22:14:00,445.94447950124743,443.22096343636514,450.1045048236847,446.26446029543877,-121708.05180966854
2024-04-09 22:15:00,445.9444543123246,443.220989510417,450.1044547557831,446.26446029543877,-121708.139321208
2024-04-09 22:16:00,445.94447950124743,443.22096343636514,450.1044797897339,446.26446029543877,-121708.11744332314
2024-04-09 22:17:00,445.94447950124743,443.2210155844689,450.1044797897339,446.26446029543877,-121708.16119909286
2024-04-09 22:18:00,445.94447950124743,443.2210155844689,450.1044547557831,446.2644852846861,-121708.139321208
2024-04-09 22:19:00,445.94447950124743,443.2210155844689,450.1045048236847,446.26446029543877,-121708.18307697773
2024-04-09 22:20:00,445.94447950124743,443.22104165852073,450.1045048236847,446.2644852846861,-121708.11744332314
2024-04-09 22:21:00,445.94447950124743,443.22104165852073,450.1045048236847,446.2644852846861,-121708.0736875534
2024-04-09 22:22:00,445.94450469017033,443.22104165852073,450.1045048236847,446.2644852846861,-121708.11744332314
2024-04-09 22:23:00,445.94450469017033,443.22104165852073,450.1045048236847,446.2644852846861,-121708.139321208
2024-04-09 22:24:00,445.94450469017033,443.220989510417,450.1045048236847,446.26446029543877,-121708.11744332314
2024-04-09 22:25:00,445.94447950124743,443.220989510417,450.1045048236847,446.2644852846861,-121708.16119909286
2024-04-09 22:26:00,445.94447950124743,443.220989510417,450.1045048236847,446.2644852846861,-121708.16119909286
2024-04-09 22:27:00,445.94447950124743,443.22104165852073,450.1045048236847,446.2644852846861,-121708.139321208
2024-04-09 22:28:00,445.94447950124743,443.2210155844689,450.1045048236847,446.2644852846861,-121708.139321208
2024-04-09 22:29:00,445.94447950124743,443.2210155844689,450.1045048236847,446.26446029543877,-121708.11744332314
2024-04-09 22:30:00,445.94450469017033,443.2210155844689,450.1045048236847,446.2644852846861,-121708.2049548626
2024-04-09 22:31:00,445.94450469017033,443.2210155844689,450.1045048236847,446.2644852846861,-121708.139321208
2024-04-09 22:32:00,445.94447950124743,443.22104165852073,450.1044797897339,446.2644852846861,-121708.139321208
2024-04-09 22:33:00,445.94447950124743,443.22104165852073,450.1045298576355,446.2644852846861,-121708.18307697773
2024-04-09 22:34:00,445.94447950124743,443.22104165852073,450.1045298576355,446.2644852846861,-121708.2049548626
2024-04-09 22:35:00,445.94447950124743,443.22104165852073,450.1045298576355,446.2645102739334,-121708.139321208
2024-04-09 22:36:00,445.94450469017033,443.2210677325726,450.1045298576355,446.2645102739334,-121708.139321208
2024-04-09 22:37:00,445.944580256939,443.2210677325726,450.1045548915863,446.2645102739334,-121708.11744332314
2024-04-09 22:38:00,445.9445550680161,443.2210938066244,450.1045548915863,446.2645102739334,-121708.139321208
2024-04-09 22:39:00,445.94450469017033,443.22104165852073,450.1045298576355,446.2644852846861,-121708.09556543827
2024-04-09 22:40:00,445.94447950124743,443.22104165852073,450.1045048236847,446.2644852846861,-121708.18307697773
2024-04-09 22:41:00,445.94450469017033,443.22104165852073,450.1045048236847,446.2644852846861,-121708.139321208
2024-04-09 22:42:00,445.94447950124743,443.2210155844689,450.1045298576355,446.2644852846861,-121708.11744332314
2024-04-09 22:43:00,445.94450469017033,443.22104165852073,450.1045048236847,446.2644852846861,-121708.139321208
2024-04-09 22:44:00,445.94450469017033,443.22104165852073,450.1045048236847,446.2644852846861,-121708.18307697773
2024-04-09 22:45:00,445.94447950124743,443.2210155844689,450.1044797897339,446.2644852846861,-121708.0736875534
2024-04-09 22:46:00,445.94447950124743,443.220989510417,450.1045048236847,446.2644852846861,-121708.2049548626
2024-04-09 22:47:00,445.94447950124743,443.2210155844689,450.1045048236847,446.2644852846861,-121708.2049548626
2024-04-09 22:48:00,445.94447950124743,443.2210155844689,450.1044797897339,446.26446029543877,-121708.18307697773
2024-04-09 22:49:00,445.94447950124743,443.220989510417,450.1044797897339,446.26446029543877,-121708.16119909286
2024-04-09 22:50:00,445.94447950124743,443.22096343636514,450.1044547557831,446.2644852846861,-121708.18307697773
2024-04-09 22:51:00,445.94447950124743,443.220989510417,450.1044797897339,446.26446029543877,-121708.16119909286
2024-04-09 22:52:00,445.94447950124743,443.22104165852073,450.1044797897339,446.2644852846861,-121708.18307697773
2024-04-09 22:53:00,445.94447950124743,443.22104165852073,450.1045048236847,446.2644852846861,-121708.18307697773
2024-04-09 22:54:00,445.94447950124743,443.22104165852073,450.1044797897339,446.26446029543877,-121708.2049548626
2024-04-09 22:55:00,445.94447950124743,443.220989510417,450.1044797897339,446.2644852846861,-121708.18307697773
2024-04-09 22:56:00,445.94447950124743,443.220989510417,450.1045048236847,446.2644852846861,-121708.18307697773
2024-04-09 22:57:00,445.94450469017033,443.220989510417,450.1044797897339,446.2644852846861,-121708.09556543827
2024-04-09 22:58:00,445.94447950124743,443.2210155844689,450.1045048236847,446.26446029543877,-121708.09556543827
2024-04-09 22:59:00,445.94447950124743,443.2210155844689,450.1045048236847,446.2644852846861,-121708.11744332314
2024-04-09 23:00:00,445.94450469017033,443.2210155844689,450.1045048236847,446.2644852846861,-121708.139321208
2024-04-09 23:01:00,445.94447950124743,443.22104165852073,450.1045048236847,446.2644852846861,-121708.09556543827
2024-04-09 23:02:00,445.94447950124743,443.2210155844689,450.1045048236847,446.2644852846861,-121708.16119909286
2024-04-09 23:03:00,445.94447950124743,443.22104165852073,450.1045298576355,446.26446029543877,-121708.16119909286
2024-04-09 23:04:00,445.94447950124743,443.22104165852073,450.1045048236847,446.2644852846861,-121708.18307697773
2024-04-09 23:05:00,445.94447950124743,443.22104165852073,450.1045048236847,446.2644852846861,-121708.16119909286
2024-04-09 23:06:00,445.94447950124743,443.2210155844689,450.1045048236847,446.2644852846861,-121708.11744332314
2024-04-09 23:07:00,445.94450469017033,443.22104165852073,450.1045048236847,446.2644852846861,-121708.16119909286
2024-04-09 23:08:00,445.94447950124743,443.22104165852073,450.1045048236847,446.2644852846861,-121708.2049548626
2024-04-09 23:09:00,445.94447950124743,443.22104165852073,450.1045048236847,446.2644852846861,-121708.18307697773
2024-04-09 23:10:00,445.94450469017033,443.2210155844689,450.1045048236847,446.2644852846861,-121708.16119909286
2024-04-09 23:11:00,445.94450469017033,443.22104165852073,450.1045048236847,446.2644852846861,-121708.22683274746
2024-04-09 23:12:00,445.94450469017033,443.2210677325726,450.1045048236847,446.2644852846861,-121708.18307697773
2024-04-09 23:13:00,445.94447950124743,443.2210938066244,450.1045298576355,446.2645102739334,-121708.18307697773
2024-04-09 23:14:00,445.94450469017033,443.2210938066244,450.1045298576355,446.2645102739334,-121708.22683274746
2024-04-09 23:15:00,445.94450469017033,443.2210155844689,450.1045048236847,446.2645102739334,-121708.09556543827
2024-04-09 23:16:00,445.94452987909324,443.2210155844689,450.1045298576355,446.2645102739334,-121708.18307697773
2024-04-09 23:17:00,445.94450469017033,443.2210155844689,450.1045298576355,446.2645102739334,-121708.18307697773
2024-04-09 23:18:00,445.94450469017033,443.22104165852073,450.1045298576355,446.2644852846861,-121708.139321208
2024-04-09 23:19:00,445.94450469017033,443.22104165852073,450.1045298576355,446.2645102739334,-121708.09556543827
2024-04-09 23:20:00,445.94450469017033,443.22104165852073,450.1045048236847,446.2644852846861,-121708.0736875534
2024-04-09 23:21:00,445.94450469017033,443.2210155844689,450.1045048236847,446.2644852846861,-121708.05180966854
2024-04-09 23:22:00,445.94450469017033,443.22104165852073,450.1045048236847,446.2644852846861,-121708.0736875534
2024-04-09 23:23:00,445.94447950124743,443.2210155844689,450.1045048236847,446.2644852846861,-121708.18307697773
2024-04-09 23:24:00,445.94447950124743,443.2210155844689,450.1045048236847,446.2644852846861,-121708.05180966854
2024-04-09 23:25:00,445.94450469017033,443.2210155844689,450.1045048236847,446.26446029543877,-121708.11744332314
2024-04-09 23:26:00,445.94447950124743,443.22104165852073,450.1045048236847,446.2644852846861,-121708.139321208
2024-04-09 23:27:00,445.94447950124743,443.2210155844689,450.1045048236847,446.2644852846861,-121708.18307697773
2024-04-09 23:28:00,445.94450469017033,443.2210155844689,450.1045048236847,446.2644852846861,-121708.11744332314
2024-04-09 23:29:00,445.94450469017033,443.22104165852073,450.1045048236847,446.2644852846861,-121708.18307697773
2024-04-09 23:30:00,445.94447950124743,443.22104165852073,450.1045048236847,446.2644852846861,-121708.16119909286
2024-04-09 23:31:00,445.9444543123246,443.2210155844689,450.1045048236847,446.2644852846861,-121708.2049548626
2024-04-09 23:32:00,445.94450469017033,443.22104165852073,450.1045048236847,446.2644852846861,-121708.16119909286
2024-04-09 23:33:00,445.94447950124743,443.2210155844689,450.1045048236847,446.2644852846861,-121708.16119909286
2024-04-09 23:34:00,445.94447950124743,443.220989510417,450.1044797897339,446.2644852846861,-121708.139321208
2024-04-09 23:35:00,445.94447950124743,443.220989510417,450.1045048236847,446.2644852846861,-121708.18307697773
2024-04-09 23:36:00,445.94450469017033,443.22104165852073,450.1044797897339,446.2644852846861,-121708.139321208
2024-04-09 23:37:00,445.94447950124743,443.2210155844689,450.1045298576355,446.26446029543877,-121708.09556543827
2024-04-09 23:38:00,445.94447950124743,443.2210155844689,450.1044797897339,446.26446029543877,-121708.09556543827
2024-04-09 23:39:00,445.94450469017033,443.2210155844689,450.1045048236847,446.2644852846861,-121708.16119909286
2024-04-09 23:40:00,445.94447950124743,443.22104165852073,450.1045298576355,446.2644852846861,-121708.09556543827
2024-04-09 23:41:00,445.94447950124743,443.2210155844689,450.1045048236847,446.2644852846861,-121708.09556543827
2024-04-09 23:42:00,445.94450469017033,443.2210155844689,450.1045048236847,446.2644852846861,-121708.18307697773
2024-04-09 23:43:00,445.94450469017033,443.22104165852073,450.1045298576355,446.2644852846861,-121708.0736875534
2024-04-09 23:44:00,445.94447950124743,443.2210155844689,450.1045298576355,446.2644852846861,-121708.18307697773
2024-04-09 23:45:00,445.94450469017033,443.2210155844689,450.1045048236847,446.2644852846861,-121708.16119909286
2024-04-09 23:46:00,445.94450469017033,443.220989510417,450.1045048236847,446.2644852846861,-121708.09556543827
2024-04-09 23:47:00,445.94447950124743,443.22104165852073,450.1045048236847,446.2644852846861,-121708.139321208
2024-04-09 23:48:00,445.94447950124743,443.22104165852073,450.1045298576355,446.2644852846861,-121708.18307697773
2024-04-09 23:49:00,445.94450469017033,443.22104165852073,450.1045048236847,446.2644852846861,-121708.18307697773
2024-04-09 23:50:00,445.94447950124743,443.22104165852073,450.1045298576355,446.2645102739334,-121708.11744332314
2024-04-09 23:51:00,445.94450469017033,443.2210677325726,450.1045298576355,446.2645102739334,-121708.18307697773
2024-04-09 23:52:00,445.94452987909324,443.2210938066244,450.1045548915863,446.2645102739334,-121708.2049548626
2024-04-09 23:53:00,445.94450469017033,443.22111988067627,450.1045548915863,446.2645102739334,-121708.139321208
2024-04-09 23:54:00,445.9445550680161,443.22104165852073,450.1045548915863,446.2645102739334,-121708.11744332314
2024-04-09 23:55:00,445.94450469017033,443.2210677325726,450.1045298576355,446.2645102739334,-121708.02993178368
2024-04-09 23:56:00,445.94450469017033,443.22104165852073,450.1045298576355,446.2645102739334,-121708.0736875534
2024-04-09 23:57:00,445.94452987909324,443.2210677325726,450.1045298576355,446.2644852846861,-121708.16119909286
2024-04-09 23:58:00,445.94447950124743,443.2210155844689,450.1045298576355,446.2645102739334,-121708.139321208
2024-04-09 23:59:00,445.94450469017033,443.2210155844689,450.1045048236847,446.2645102739334,-121708.09556543827
2024-04-10 00:00:00,445.94450469017033,443.2210155844689,450.1045298576355,446.2645102739334,-121708.05180966854
2024-04-10 00:01:00,445.94450469017033,443.22104165852073,450.1045298576355,446.2644852846861,-121708.00805389881
2024-04-10 00:02:00,445.94447950124743,443.22104165852073,450.1045048236847,446.2644852846861,-121708.139321208
2024-04-10 00:03:00,445.94447950124743,443.220989510417,450.1045048236847,446.2644852846861,-121708.02993178368
2024-04-10 00:04:00,445.94447950124743,443.2210155844689,450.1045048236847,446.2644852846861,-121708.0736875534
2024-04-10 00:05:00,445.94447950124743,443.2210155844689,450.1045048236847,446.2644852846861,-121708.09556543827
2024-04-10 00:06:00,445.94447950124743,443.22104165852073,450.1045048236847,446.26446029543877,-121708.11744332314
2024-04-10 00:07:00,445.94447950124743,443.2210155844689,450.1044797897339,446.2644852846861,-121708.2049548626
2024-04-10 00:08:00,445.94447950124743,443.2210155844689,450.1044797897339,446.2644852846861,-121708.139321208
2024-04-10 00:09:00,445.94447950124743,443.2210155844689,450.1044797897339,446.26446029543877,-121708.139321208
2024-04-10 00:10:00,445.94447950124743,443.2210155844689,450.1045048236847,446.26446029543877,-121708.139321208
2024-04-10 00:11:00,445.94447950124743,443.22104165852073,450.1045048236847,446.2644852846861,-121708.16119909286
2024-04-10 00:12:00,445.94447950124743,443.22104165852073,450.1045048236847,446.2644852846861,-121708.09556543827
2024-04-10 00:13:00,445.94447950124743,443.22104165852073,450.1045048236847,446.2644852846861,-121708.09556543827
2024-04-10 00:14:00,445.94450469017033,443.2210938066244,450.1045048236847,446.2644852846861,-121708.139321208
2024-04-10 00:15:00,445.94450469017033,443.22104165852073,450.1045298576355,446.2644852846861,-121708.09556543827
2024-04-10 00:16:00,445.94447950124743,443.2210155844689,450.1045048236847,446.26446029543877,-121708.09556543827
2024-04-10 00:17:00,445.94452987909324,443.22096343636514,450.1044797897339,446.26446029543877,-121708.02993178368
2024-04-10 00:18:00,445.94447950124743,443.2210155844689,450.1044797897339,446.2644852846861,-121708.0736875534
2024-04-10 00:19:00,445.94447950124743,443.220989510417,450.1045048236847,446.26446029543877,-121708.09556543827
2024-04-10 00:20:00,445.94447950124743,443.2210155844689,450.1045048236847,446.26446029543877,-121708.0736875534
2024-04-10 00:21:00,445.94447950124743,443.2210155844689,450.1044797897339,446.2644852846861,-121708.2049548626
2024-04-10 00:22:00,445.94447950124743,443.2210155844689,450.1045048236847,446.26446029543877,-121708.139321208
2024-04-10 00:23:00,445.94447950124743,443.2210155844689,450.1045048236847,446.2644852846861,-121708.09556543827
2024-04-10 00:24:00,445.94450469017033,443.22104165852073,450.1045298576355,446.26446029543877,-121708.139321208
2024-04-10 00:25:00,445.94447950124743,443.22104165852073,450.1045048236847,446.2644852846861,-121708.09556543827
2024-04-10 00:26:00,445.94447950124743,443.2210155844689,450.1044797897339,446.2644852846861,-121708.16119909286
2024-04-10 00:27:00,445.94447950124743,443.22096343636514,450.1044547557831,446.26446029543877,-121708.11744332314
2024-04-10 00:28:00,445.94447950124743,443.22096343636514,450.1044547557831,446.26446029543877,-121708.18307697773
2024-04-10 00:29:00,445.94447950124743,443.2210155844689,450.1044797897339,446.26446029543877,-121708.22683274746
2024-04-10 00:30:00,445.94447950124743,443.2210155844689,450.1044797897339,446.2644852846861,-121708.18307697773
2024-04-10 00:31:00,445.9444543123246,443.2210155844689,450.1044797897339,446.26446029543877,-121708.18307697773
2024-04-10 00:32:00,445.94447950124743,443.220989510417,450.1044797897339,446.26446029543877,-121708.16119909286
2024-04-10 00:33:00,445.94447950124743,443.220989510417,450.1044797897339,446.2644852846861,-121708.11744332314
2024-04-10 00:34:00,445.94450469017033,443.220989510417,450.1044547557831,446.2644852846861,-121708.139321208
2024-04-10 00:35:00,445.9444543123246,443.22104165852073,450.1044797897339,446.2644852846861,-121708.11744332314
2024-04-10 00:36:00,445.94447950124743,443.22104165852073,450.1045048236847,446.26446029543877,-121708.16119909286
2024-04-10 00:37:00,445.94447950124743,443.2210155844689,450.1044797897339,446.2644852846861,-121708.16119909286
2024-04-10 00:38:00,445.94450469017033,443.2210155844689,450.1044547557831,446.2644852846861,-121708.139321208
2024-04-10 00:39:00,445.94447950124743,443.220989510417,450.1044797897339,446.2644852846861,-121708.0736875534
2024-04-10 00:40:00,445.94447950124743,443.22104165852073,450.1044797897339,446.2644852846861,-121708.139321208
2024-04-10 00:41:00,445.94447950124743,443.2210155844689,450.1045048236847,446.2644852846861,-121708.11744332314
2024-04-10 00:42:00,445.94447950124743,443.2210155844689,450.1045048236847,446.26446029543877,-121708.11744332314
2024-04-10 00:43:00,445.94447950124743,443.220989510417,450.1045048236847,446.2644852846861,-121708.11744332314
2024-04-10 00:44:00,445.94447950124743,443.2210155844689,450.1044797897339,446.2644852846861,-121708.139321208
2024-04-10 00:45:00,445.94450469017033,443.22104165852073,450.1045048236847,446.2644852846861,-121708.139321208
2024-04-10 00:46:00,445.94450469017033,443.22104165852073,450.1045048236847,446.26446029543877,-121708.11744332314
2024-04-10 00:47:00,445.94447950124743,443.22104165852073,450.1045048236847,446.2644852846861,-121708.11744332314
2024-04-10 00:48:00,445.94447950124743,443.220989510417,450.1045048236847,446.2644852846861,-121708.2049548626
2024-04-10 00:49:00,445.94447950124743,443.2210155844689,450.1044797897339,446.2644852846861,-121708.11744332314
2024-04-10 00:50:00,445.94447950124743,443.22104165852073,450.1045048236847,446.2644852846861,-121708.16119909286
2024-04-10 00:51:00,445.94447950124743,443.220989510417,450.1045048236847,446.26446029543877,-121708.11744332314
2024-04-10 00:52:00,445.94447950124743,443.2210155844689,450.1044797897339,446.2644852846861,-121708.11744332314
2024-04-10 00:53:00,445.94450469017033,443.22104165852073,450.1045298576355,446.2645102739334,-121708.18307697773
2024-04-10 00:54:00,445.94452987909324,443.22104165852073,450.1045048236847,446.2644852846861,-121708.09556543827
2024-04-10 00:55:00,445.94450469017033,443.2210155844689,450.1045048236847,446.2644852846861,-121708.11744332314
2024-04-10 00:56:00,445.94450469017033,443.22104165852073,450.1045298576355,446.2644852846861,-121708.09556543827
2024-04-10 00:57:00,445.94450469017033,443.22104165852073,450.1045048236847,446.2644852846861,-121708.11744332314
2024-04-10 00:58:00,445.94447950124743,443.220989510417,450.1045048236847,446.2644852846861,-121708.139321208
2024-04-10 00:59:00,445.94450469017033,443.220989510417,450.1045048236847,446.26446029543877,-121708.09556543827
2024-04-10 01:00:00,445.94447950124743,443.220989510417,450.1045048236847,446.2644852846861,-121708.139321208
2024-04-10 01:01:00,445.94447950124743,443.2210155844689,450.1045048236847,446.26446029543877,-121708.09556543827
2024-04-10 01:02:00,445.94447950124743,443.2210155844689,450.1045048236847,446.26446029543877,-121708.16119909286
2024-04-10 01:03:00,445.94447950124743,443.2210155844689,450.1045298576355,446.2644852846861,-121708.09556543827
2024-04-10 01:04:00,445.94447950124743,443.220989510417,450.1045048236847,446.2644852846861,-121708.0736875534
2024-04-10 01:05:00,445.94447950124743,443.2210155844689,450.1044547557831,446.26446029543877,-121708.11744332314
2024-04-10 01:06:00,445.94447950124743,443.2210155844689,450.1044797897339,446.2644852846861,-121708.0736875534
2024-04-10 01:07:00,445.94447950124743,443.22104165852073,450.1045048236847,446.26446029543877,-121708.16119909286
2024-04-10 01:08:00,445.94447950124743,443.2210155844689,450.1045048236847,446.26446029543877,-121708.09556543827
2024-04-10 01:09:00,445.94447950124743,443.2210155844689,450.1045048236847,446.2644852846861,-121708.139321208
2024-04-10 01:10:00,445.94447950124743,443.22104165852073,450.1045048236847,446.2644852846861,-121708.11744332314
2024-04-10 01:11:00,445.94450469017033,443.22104165852073,450.1045048236847,446.2645102739334,-121708.09556543827
2024-04-10 01:12:00,445.94450469017033,443.22104165852073,450.1045298576355,446.2644852846861,-121708.11744332314
2024-04-10 01:13:00,445.94450469017033,443.22104165852073,450.1045048236847,446.2644852846861,-121708.139321208
2024-04-10 01:14:00,445.94450469017033,443.22104165852073,450.1045048236847,446.2644852846861,-121708.139321208
2024-04-10 01:15:00,445.94450469017033,443.2210155844689,450.1045048236847,446.2644852846861,-121708.0736875534
2024-04-10 01:16:00,445.94447950124743,443.220989510417,450.1045048236847,446.2644852846861,-121708.11744332314
2024-04-10 01:17:00,445.94447950124743,443.2210155844689,450.1044547557831,446.2644852846861,-121708.2049548626
2024-04-10 01:18:00,445.94447950124743,443.2210155844689,450.1044797897339,446.2644852846861,-121708.2049548626
2024-04-10 01:19:00,445.94447950124743,443.22104165852073,450.1045048236847,446.26446029543877,-121708.139321208
2024-04-10 01:20:00,445.94447950124743,443.2210155844689,450.1044797897339,446.2644852846861,-121708.16119909286
2024-04-10 01:21:00,445.94447950124743,443.2210155844689,450.1044797897339,446.2644852846861,-121708.16119909286
2024-04-10 01:22:00,445.94450469017033,443.220989510417,450.1044797897339,446.2644852846861,-121708.09556543827
2024-04-10 01:23:00,445.94447950124743,443.22104165852073,450.1045048236847,446.26446029543877,-121708.139321208
2024-04-10 01:24:00,445.94447950124743,443.22104165852073,450.1045298576355,446.2644852846861,-121708.09556543827
2024-04-10 01:25:00,445.94450469017033,443.22104165852073,450.1045048236847,446.2644852846861,-121708.0736875534
2024-04-10 01:26:00,445.94450469017033,443.2210155844689,450.1045048236847,446.2644852846861,-121708.05180966854
2024-04-10 01:27:00,445.94447950124743,443.2210155844689,450.1045048236847,446.26446029543877,-121708.16119909286
2024-04-10 01:28:00,445.9444543123246,443.220989510417,450.1045048236847,446.2644852846861,-121708.22683274746
2024-04-10 01:29:00,445.94447950124743,443.2210155844689,450.1045048236847,446.2644852846861,-121708.18307697773
2024-04-10 01:30:00,445.94447950124743,443.22104165852073,450.1045298576355,446.2644852846861,-121708.11744332314
2024-04-10 01:31:00,445.94450469017033,443.2210155844689,450.1045298576355,446.2644852846861,-121708.09556543827
2024-04-10 01:32:00,445.94447950124743,443.2210677325726,450.1045048236847,446.2644852846861,-121708.09556543827
2024-04-10 01:33:00,445.94450469017033,443.22104165852073,450.1045298576355,446.2644852846861,-121708.09556543827
2024-04-10 01:34:00,445.94447950124743,443.2210677325726,450.1045048236847,446.2644852846861,-121708.09556543827
2024-04-10 01:35:00,445.94452987909324,443.2210677325726,450.1044797897339,446.2644852846861,-121708.16119909286
2024-04-10 01:36:00,445.94447950124743,443.22104165852073,450.1045048236847,446.2644852846861,-121708.09556543827
2024-04-10 01:37:00,445.94452987909324,443.2210155844689,450.1045048236847,446.2644852846861,-121708.18307697773
2024-04-10 01:38:00,445.94450469017033,443.2210677325726,450.1045048236847,446.2644852846861,-121708.24871063232
2024-04-10 01:39:00,445.94447950124743,443.22104165852073,450.1045298576355,446.2644852846861,-121708.2049548626
2024-04-10 01:40:00,445.94450469017033,443.22104165852073,450.1045298576355,446.2644852846861,-121708.18307697773
2024-04-10 01:41:00,445.94452987909324,443.2210677325726,450.1045298576355,446.2644852846861,-121708.16119909286
2024-04-10 01:42:00,445.94452987909324,443.2210677325726,450.1045298576355,446.2645102739334,-121708.09556543827
2024-04-10 01:43:00,445.94450469017033,443.22104165852073,450.1045548915863,446.2644852846861,-121708.09556543827
2024-04-10 01:44:00,445.94447950124743,443.220989510417,450.1045298576355,446.2644852846861,-121708.11744332314
2024-04-10 01:45:00,445.94447950124743,443.2210155844689,450.1045048236847,446.2644852846861,-121708.05180966854
2024-04-10 01:46:00,445.94450469017033,443.2210155844689,450.1045298576355,446.2644852846861,-121708.11744332314
2024-04-10 01:47:00,445.94450469017033,443.22104165852073,450.1045048236847,446.2644852846861,-121708.0736875534
2024-04-10 01:48:00,445.94447950124743,443.2210155844689,450.1044797897339,446.2644852846861,-121708.18307697773
2024-04-10 01:49:00,445.94447950124743,443.220989510417,450.1044797897339,446.2644852846861,-121708.09556543827
2024-04-10 01:50:00,445.94447950124743,443.2210155844689,450.1045048236847,446.2644852846861,-121708.2049548626
2024-04-10 01:51:00,445.94447950124743,443.22104165852073,450.1045048236847,446.2644852846861,-121708.11744332314
2024-04-10 01:52:00,445.94447950124743,443.2210155844689,450.1045048236847,446.2644852846861,-121708.09556543827
2024-04-10 01:53:00,445.94447950124743,443.2210155844689,450.1045048236847,446.2644852846861,-121708.139321208
2024-04-10 01:54:00,445.94450469017033,443.22104165852073,450.1045048236847,446.2644852846861,-121708.16119909286
2024-04-10 01:55:00,445.94450469017033,443.2210155844689,450.1045048236847,446.2644852846861,-121708.16119909286
2024-04-10 01:56:00,445.94450469017033,443.2210155844689,450.1044797897339,446.2644852846861,-121708.16119909286
2024-04-10 01:57:00,445.94450469017033,443.2210155844689,450.1045048236847,446.2644852846861,-121708.2049548626
2024-04-10 01:58:00,445.94447950124743,443.22104165852073,450.1045298576355,446.2644852846861,-121708.24871063232
2024-04-10 01:59:00,445.94447950124743,443.2210155844689,450.1045298576355,446.2645102739334,-121708.2049548626
2024-04-10 02:00:00,445.94450469017033,443.2210677325726,450.1045298576355,446.2644852846861,-121708.11744332314
2024-04-10 02:01:00,445.94450469017033,443.2210155844689,450.1045298576355,446.2645102739334,-121708.16119909286
2024-04-10 02:02:00,445.94447950124743,443.22104165852073,450.1045298576355,446.2644852846861,-121708.09556543827
2024-04-10 02:03:00,445.94447950124743,443.220989510417,450.1045048236847,446.26446029543877,-121708.0736875534
2024-04-10 02:04:00,445.94447950124743,443.2210155844689,450.1044797897339,446.2644852846861,-121708.09556543827
2024-04-10 02:05:00,445.94450469017033,443.2210155844689,450.1045048236847,446.2644852846861,-121708.16119909286
2024-04-10 02:06:00,445.94447950124743,443.22104165852073,450.1045048236847,446.2644852846861,-121708.139321208
2024-04-10 02:07:00,445.94447950124743,443.2210155844689,450.1045048236847,446.26446029543877,-121708.11744332314
2024-04-10 02:08:00,445.94447950124743,443.2210155844689,450.1045298576355,446.2644852846861,-121708.22683274746
2024-04-10 02:09:00,445.94450469017033,443.2210677325726,450.1045298576355,446.2644852846861,-121708.22683274746
2024-04-10 02:10:00,445.94450469017033,443.22104165852073,450.1045298576355,446.2644852846861,-121708.11744332314
2024-04-10 02:11:00,445.94447950124743,443.22104165852073,450.1045298576355,446.2645102739334,-121708.11744332314
2024-04-10 02:12:00,445.94450469017033,443.2210155844689,450.1045298576355,446.2645102739334,-121708.05180966854
2024-04-10 02:13:00,445.94447950124743,443.22104165852073,450.1045298576355,446.2644852846861,-121708.05180966854
2024-04-10 02:14:00,445.94447950124743,443.2210155844689,450.1045298576355,446.2645102739334,-121708.0736875534
2024-04-10 02:15:00,445.94450469017033,443.2210155844689,450.1045048236847,446.2644852846861,-121708.02993178368
2024-04-10 02:16:00,445.94450469017033,443.2210155844689,450.1045048236847,446.2644852846861,-121708.05180966854
2024-04-10 02:17:00,445.94450469017033,443.2210155844689,450.1044797897339,446.2644852846861,-121708.05180966854
2024-04-10 02:18:00,445.94447950124743,443.2210155844689,450.1045048236847,446.2644852846861,-121708.16119909286
2024-04-10 02:19:00,445.94450469017033,443.2210155844689,450.1045048236847,446.2644852846861,-121708.11744332314
2024-04-10 02:20:00,445.94447950124743,443.2210155844689,450.1045298576355,446.2644852846861,-121708.18307697773
2024-04-10 02:21:00,445.94447950124743,443.22104165852073,450.1045048236847,446.2644852846861,-121708.09556543827
2024-04-10 02:22:00,445.94450469017033,443.22104165852073,450.1045048236847,446.2644852846861,-121708.2049548626
2024-04-10 02:23:00,445.94450469017033,443.2210155844689,450.1045048236847,446.2644852846861,-121708.11744332314
2024-04-10 02:24:00,445.94450469017033,443.2210155844689,450.1045048236847,446.2644852846861,-121708.18307697773
2024-04-10 02:25:00,445.94450469017033,443.22104165852073,450.1045048236847,446.2644852846861,-121708.2049548626
2024-04-10 02:26:00,445.94450469017033,443.2210677325726,450.1045298576355,446.26446029543877,-121708.2049548626
2024-04-10 02:27:00,445.94447950124743,443.2210938066244,450.1045298576355,446.2644852846861,-121708.2049548626
2024-04-10 02:28:00,445.94447950124743,443.22104165852073,450.1045298576355,446.2644852846861,-121708.18307697773
2024-04-10 02:29:00,445.94447950124743,443.2210155844689,450.1045048236847,446.26446029543877,-121708.0736875534
2024-04-10 02:30:00,445.94447950124743,443.22096343636514,450.1045048236847,446.26446029543877,-121708.139321208
2024-04-10 02:31:00,445.94450469017033,443.220989510417,450.1045048236847,446.2644852846861,-121708.0736875534
2024-04-10 02:32:00,445.94450469017033,443.220989510417,450.1045048236847,446.2644852846861,-121708.139321208
2024-04-10 02:33:00,445.94450469017033,443.22104165852073,450.1045298576355,446.2644852846861,-121708.16119909286
2024-04-10 02:34:00,445.94450469017033,443.2210677325726,450.1045298576355,446.2644852846861,-121708.16119909286
2024-04-10 02:35:00,445.94452987909324,443.22104165852073,450.1045298576355,446.2644852846861,-121708.139321208
2024-04-10 02:36:00,445.94447950124743,443.2210155844689,450.1045298576355,446.2644852846861,-121708.09556543827
2024-04-10 02:37:00,445.94447950124743,443.2210155844689,450.1045048236847,446.26446029543877,-121708.11744332314
2024-04-10 02:38:00,445.94447950124743,443.2210155844689,450.1045048236847,446.26446029543877,-121708.0736875534
2024-04-10 02:39:00,445.94447950124743,443.2210155844689,450.1044797897339,446.2644852846861,-121708.11744332314
2024-04-10 02:40:00,445.94447950124743,443.22104165852073,450.1045048236847,446.2644852846861,-121708.09556543827
2024-04-10 02:41:00,445.94447950124743,443.22104165852073,450.1045048236847,446.2645102739334,-121708.11744332314
2024-04-10 02:42:00,445.94447950124743,443.2210155844689,450.1045048236847,446.2644852846861,-121708.0736875534
2024-04-10 02:43:00,445.94450469017033,443.22104165852073,450.1045048236847,446.26446029543877,-121708.02993178368
2024-04-10 02:44:00,445.94450469017033,443.22104165852073,450.1045048236847,446.2645102739334,-121708.02993178368
2024-04-10 02:45:00,445.94450469017033,443.22104165852073,450.1045048236847,446.2644852846861,-121708.11744332314
2024-04-10 02:46:00,445.94447950124743,443.220989510417,450.1045048236847,446.2644852846861,-121708.0736875534
2024-04-10 02:47:00,445.94450469017033,443.2210155844689,450.1045048236847,446.2644852846861,-121708.16119909286
2024-04-10 02:48:00,445.94450469017033,443.2210155844689,450.1045048236847,446.2644852846861,-121708.16119909286
2024-04-10 02:49:00,445.94447950124743,443.2210155844689,450.1044797897339,446.2644852846861,-121708.2049548626
2024-04-10 02:50:00,445.9444543123246,443.2210155844689,450.1044797897339,446.2644852846861,-121708.22683274746
2024-04-10 02:51:00,445.9444543123246,443.2210155844689,450.1045048236847,446.2644852846861,-121708.22683274746
2024-04-10 02:52:00,445.94447950124743,443.22104165852073,450.1045048236847,446.2644852846861,-121708.2049548626
2024-04-10 02:53:00,445.94447950124743,443.220989510417,450.1045048236847,446.26446029543877,-121708.11744332314
2024-04-10 02:54:00,445.94447950124743,443.22096343636514,450.1044797897339,446.26446029543877,-121708.16119909286
2024-04-10 02:55:00,445.94447950124743,443.2210155844689,450.1044547557831,446.2644852846861,-121708.22683274746
2024-04-10 02:56:00,445.94450469017033,443.22104165852073,450.1045048236847,446.2644852846861,-121708.16119909286
2024-04-10 02:57:00,445.9444543123246,443.22104165852073,450.1045048236847,446.2644852846861,-121708.139321208
2024-04-10 02:58:00,445.94447950124743,443.22104165852073,450.1045048236847,446.2644852846861,-121708.16119909286
2024-04-10 02:59:00,445.94447950124743,443.22104165852073,450.1044797897339,446.2644852846861,-121708.22683274746
2024-04-10 03:00:00,445.94447950124743,443.2210155844689,450.1045048236847,446.2644852846861,-121708.18307697773
2024-04-10 03:01:00,445.94447950124743,443.2210155844689,450.1045048236847,446.2644852846861,-121708.139321208
2024-04-10 03:02:00,445.94447950124743,443.22104165852073,450.1045048236847,446.2644852846861,-121708.16119909286
2024-04-10 03:03:00,445.94447950124743,443.22104165852073,450.1045048236847,446.2644852846861,-121708.18307697773
2024-04-10 03:04:00,445.94450469017033,443.22104165852073,450.1045048236847,446.2644852846861,-121708.16119909286
2024-04-10 03:05:00,445.94450469017033,443.22104165852073,450.1045048236847,446.26446029543877,-121708.11744332314
2024-04-10 03:06:00,445.94447950124743,443.2210155844689,450.1045048236847,446.2645102739334,-121708.139321208
2024-04-10 03:07:00,445.94450469017033,443.220989510417,450.1045048236847,446.2644852846861,-121708.09556543827
2024-04-10 03:08:00,445.94447950124743,443.220989510417,450.1045048236847,446.2644852846861,-121708.139321208
2024-04-10 03:09:00,445.94450469017033,443.2210155844689,450.1044797897339,446.2644852846861,-121708.0736875534
2024-04-10 03:10:00,445.94450469017033,443.220989510417,450.1045048236847,446.2644852846861,-121708.16119909286
2024-04-10 03:11:00,445.94447950124743,443.220989510417,450.1044797897339,446.2644852846861,-121708.139321208
2024-04-10 03:12:00,445.94447950124743,443.220989510417,450.1044797897339,446.26446029543877,-121708.139321208
2024-04-10 03:13:00,445.94447950124743,443.22104165852073,450.1044797897339,446.26446029543877,-121708.139321208
2024-04-10 03:14:00,445.94447950124743,443.220989510417,450.1044547557831,446.2644852846861,-121708.18307697773
2024-04-10 03:15:00,445.94447950124743,443.220989510417,450.1044797897339,446.26446029543877,-121708.139321208
2024-04-10 03:16:00,445.94447950124743,443.220989510417,450.1044797897339,446.2644852846861,-121708.0736875534
2024-04-10 03:17:00,445.94447950124743,443.2210155844689,450.1044797897339,446.26446029543877,-121708.09556543827
2024-04-10 03:18:00,445.94447950124743,443.2210155844689,450.1044797897339,446.2644852846861,-121708.139321208
2024-04-10 03:19:00,445.94447950124743,443.22104165852073,450.1044797897339,446.26446029543877,-121708.139321208
2024-04-10 03:20:00,445.94447950124743,443.2210155844689,450.1045048236847,446.26446029543877,-121708.11744332314
2024-04-10 03:21:00,445.94447950124743,443.22104165852073,450.1044797897339,446.2644852846861,-121708.139321208
2024-04-10 03:22:00,445.94450469017033,443.22104165852073,450.1045048236847,446.2644852846861,-121708.0736875534
2024-04-10 03:23:00,445.94450469017033,443.22104165852073,450.1045048236847,446.2644852846861,-121708.0736875534
2024-04-10 03:24:00,445.94447950124743,443.22104165852073,450.1045048236847,446.26446029543877,-121708.11744332314
2024-04-10 03:25:00,445.94447950124743,443.220989510417,450.1045048236847,446.26446029543877,-121708.18307697773
2024-04-10 03:26:00,445.94447950124743,443.2210155844689,450.1045048236847,446.2644852846861,-121708.16119909286
2024-04-10 03:27:00,445.94450469017033,443.220989510417,450.1045048236847,446.2644852846861,-121708.09556543827
2024-04-10 03:28:00,445.9444543123246,443.220989510417,450.1045048236847,446.26446029543877,-121708.139321208
2024-04-10 03:29:00,445.94450469017033,443.22104165852073,450.1045048236847,446.26446029543877,-121708.11744332314
